id,name,set,body,blue1,tag_blue1,blue2,tag_blue2,yellow,orange1,tag_orange1,orange2,tag_orange2,red1,tag_red1,red2,tag_red2,red3,tag_red3,image
ann,Ann,Black Plague,dagger,bloodlust_[action],melee,,,plus_1_action,plus_1_free_[action]_action,magic,plus_1_free_[action]_action,melee,plus_1_free_[action]_action,combat,plus_1_roll_[action],combat,roll_6_plus_1_die_[action],combat,https://static.wikia.nocookie.net/zombicide/images/3/30/Ann.png
baldric,Baldric,Black Plague,sword,spellcaster,,,,plus_1_action,plus_1_free_[action]_action,magic,spellbook,,plus_1_die_[action],magic,plus_1_free_[action]_action,combat,plus_1_roll_[action],melee,https://static.wikia.nocookie.net/zombicide/images/1/1a/Baldrick.png
clovis,Clovis,Black Plague,shield,plus_1_die_[action],melee,,,plus_1_action,plus_1_free_[action]_action,melee,swordmaster,,plus_1_free_[action]_action,combat,plus_1_roll_[action],combat,hit_run,,https://static.wikia.nocookie.net/zombicide/images/2/28/Clovis.png
nelly,Nelly,Black Plague,dagger,plus_1_free_[action]_action,move,,,plus_1_action,bloodlust_[action],melee,slippery,,plus_1_free_[action]_action,combat,plus_1_roll_[action],combat,hit_run,,https://static.wikia.nocookie.net/zombicide/images/a/ad/Nelly.png
samson,Samson,Black Plague,shield,iron_hide,,,,plus_1_action,plus_1_die_[action],combat,plus_1_roll_[action],melee,plus_1_damage_[action],melee,plus_1_free_[action]_action,combat,barbarian,,https://static.wikia.nocookie.net/zombicide/images/5/5b/Samson.png/
silas,Silas,Black Plague,sword,plus_1_roll_[action],ranged,,,plus_1_action,plus_1_free_[action]_action,ranged,point_blank,,plus_1_die_[action],ranged,plus_1_free_[action]_action,combat,iron_rain,,https://static.wikia.nocookie.net/zombicide/images/a/a6/Silas.png/
ariane,Ariane,Wulfsburg,crossbow,jump,,,,plus_1_action,plus_1_free_[action]_action,move,plus_1_free_[action]_action,melee,plus_1_die_[action],combat,plus_1_roll_[action],ranged,spellcaster,,https://static.wikia.nocookie.net/zombicide/images/f/f4/Ariane.png/
karl,Karl,Wulfsburg,fireball,plus_1_die_[action],magic,,,plus_1_action,plus_1_free_[action]_action,combat,spellcaster,,plus_1_free_[action]_action,combat,plus_1_max_range,,marksman,,https://static.wikia.nocookie.net/zombicide/images/b/bd/KarlFantasy.png/
morrigan,Morrigan,Wulfsburg,dagger,reaper_[action],combat,,,plus_1_action,plus_1_free_[action]_action,melee,spellcaster,,plus_1_damage_[action],melee,plus_1_roll_[action],magic,bloodlust_[action],combat,https://static.wikia.nocookie.net/zombicide/images/3/39/Morrigan.png/
theo,Theo,Wulfsburg,sword,sprint,,,,plus_1_action,plus_1_die_[action],melee,plus_1_roll_[action],ranged,plus_1_free_[action]_action,combat,charge,,marksman,,https://static.wikia.nocookie.net/zombicide/images/5/51/Theo.png/
arnaud,Arnaud,Hero Box-1,torch,plus_1_free_[action]_action,search,,,plus_1_action,plus_1_die_[action],melee,plus_1_free_[action]_action,move,plus_1_free_[action]_action,combat,iron_hide,,reaper_[action],combat,https://static.wikia.nocookie.net/zombicide/images/a/af/Arnaud.png/
glynda,Glynda,Hero Box-1,hammer,tough,,,,plus_1_action,plus_1_free_[action]_action,melee,iron_hide,,plus_1_damage_[action],melee,plus_1_free_[action]_action,combat,plus_1_roll_[action],melee,https://static.wikia.nocookie.net/zombicide/images/c/c3/Glynda.png/
julian,Julian,Hero Box-1,dagger,hold_your_nose,,,,plus_1_action,plus_1_damage_[action],melee,hit_run,,plus_1_free_[action]_action,combat,jump,,reaper_[action],combat,https://static.wikia.nocookie.net/zombicide/images/0/00/JULIAN.png/
sylvia,Sylvia,Hero Box-1,axe,taunt,,,,plus_1_action,swordmaster,,reaper_[action],melee,plus_1_die_[action],combat,plus_1_free_[action]_action,combat,plus_1_roll_[action],combat,https://static.wikia.nocookie.net/zombicide/images/6/6c/Sylvia.png/
tucker,Tucker,Hero Box-1,axe,shove,,,,plus_1_action,lucky,,spellcaster,,plus_1_die_[action],combat,plus_1_free_[action]_action,combat,free_reload,,https://static.wikia.nocookie.net/zombicide/images/c/cc/Tucker.png/
bob,Bob,Huntsman Pack,transmutation,lucky,,,,plus_1_action,plus_1_free_[action]_action,magic,hit_run,,plus_1_roll_[action],magic,rotten,,spellcaster,,https://static.wikia.nocookie.net/zombicide/images/7/76/Bob.png/
danton,Danton,Huntsman Pack,great_sword,taunt,,,,plus_1_action,bloodlust_[action],melee,born_leader,,plus_1_free_[action]_action,melee,plus_1_roll_[action],melee,hit_run,,https://static.wikia.nocookie.net/zombicide/images/2/2c/Danton.png/
evil_troy,Evil Troy,Huntsman Pack,hand_crossbow,free_reload,,,,plus_1_action,plus_1_roll_[action],combat,zombie_link,,plus_1_free_[action]_action,melee,rotten,,spellbook,,https://static.wikia.nocookie.net/zombicide/images/c/c9/EvilTroy.png/
falstaff,Falstaff,Huntsman Pack,great_sword,bloodlust_[action],melee,,,plus_1_action,plus_1_roll_[action],melee,reaper_[action],melee,plus_1_free_[action]_action,combat,regeneration,,super_strength,,https://static.wikia.nocookie.net/zombicide/images/f/f7/Falstaff.png
gilbert,Gilbert,Huntsman Pack,shield,iron_hide,,,,plus_1_action,bloodlust_[action],melee,hit_run,,plus_1_free_[action]_action,melee,plus_1_roll_[action],melee,barbarian,,https://static.wikia.nocookie.net/zombicide/images/e/eb/Gilbert.png
hitch,Hitch,Huntsman Pack,dagger,slippery,,,,plus_1_action,plus_1_free_[action]_action,melee,plus_1_free_[action]_action,move,plus_1_free_[action]_action,melee,plus_1_roll_[action],melee,taunt,,https://static.wikia.nocookie.net/zombicide/images/8/8c/Hitch.png
james,James,Huntsman Pack,torch,search_plus_1_card,,,,plus_1_action,plus_1_max_range,,spellcaster,,plus_1_roll_[action],combat,reaper_[action],combat,spellbook,,https://static.wikia.nocookie.net/zombicide/images/d/d2/JamesFantasy.png
lady_faye,Lady Faye,Huntsman Pack,apples,plus_1_free_[action]_action,move,,,plus_1_action,plus_1_free_[action]_action,melee,lucky,,plus_1_damage_[action],melee,iron_hide,,reaper_[action],combat,https://static.wikia.nocookie.net/zombicide/images/3/31/LadyFaye.png
lucas,Lucas,Huntsman Pack,short_sword,born_leader,,,,plus_1_action,plus_1_roll_[action],melee,reaper_[action],combat,plus_1_free_[action]_action,combat,ironclad_[zombie],walker,spellcaster,,https://static.wikia.nocookie.net/zombicide/images/a/a6/Lucas.png
montalban,Montalban,Huntsman Pack,shield,hit_run,,,,plus_1_action,plus_1_free_[action]_action,move,plus_1_free_[action]_action,melee,plus_1_free_[action]_action,combat,plus_1_free_[action]_action,move,iron_hide,,https://static.wikia.nocookie.net/zombicide/images/1/17/Montalban.png
morgan,Morgan,Huntsman Pack,lightning_bolt,plus_1_die_[action],combat,,,plus_1_action,plus_1_die_[action],magic,plus_1_die_[action],melee,roll_6_plus_1_die_[action],magic,roll_6_plus_1_die_[action],melee,spellbook,,https://static.wikia.nocookie.net/zombicide/images/b/b5/Morgan.png
mortimer,Mortimer,Huntsman Pack,great_sword,starts_with_[equipment],great_sword,,,plus_1_action,plus_1_free_[action]_action,combat,born_leader,,plus_1_damage_[action],melee,plus_1_roll_[action],combat,charge,,https://static.wikia.nocookie.net/zombicide/images/3/39/Mortimer.png
paul,Paul,Huntsman Pack,axe,plus_1_die_[action],combat,,,plus_1_action,plus_1_roll_[action],melee,plus_1_roll_[action],ranged,plus_1_free_[action]_action,melee,plus_1_free_[action]_action,move,plus_1_free_[action]_action,ranged,https://static.wikia.nocookie.net/zombicide/images/e/e0/PaulFantasy.png
piper,Piper,Huntsman Pack,dagger,starts_with_[equipment],dagger,,,plus_1_action,plus_1_die_[action],melee,plus_1_free_[action]_action,combat,plus_1_free_[action]_action,move,plus_1_roll_[action],combat,hit_run,,https://static.wikia.nocookie.net/zombicide/images/d/d4/Piper.png
troy,Troy,Huntsman Pack,hand_crossbow,free_reload,,,,plus_1_action,plus_1_roll_[action],combat,iron_hide,,plus_1_free_[action]_action,melee,plus_1_free_[action]_action,ranged,spellbook,,https://static.wikia.nocookie.net/zombicide/images/2/2c/Troy.png
william,William,Huntsman Pack,great_sword,tough,,,,plus_1_action,plus_1_free_[action]_action,combat,lifesaver,,plus_1_free_[action]_action,combat,bloodlust_[action],melee,hit_run,,https://static.wikia.nocookie.net/zombicide/images/0/0b/William.png
beauregard,Beauregard,Knight Pack,shield,collector_[zombie],walker,,,plus_1_action,plus_1_free_[action]_action,combat,reaper_[action],combat,bloodlust_[action],combat,ironclad_[zombie],walker,slippery,,https://static.wikia.nocookie.net/zombicide/images/8/8d/Beauregard.png
chauncey,Chauncey,Knight Pack,bastard_sword,swordmaster,,,,plus_1_action,plus_1_roll_[action],melee,frenzy_[action],melee,plus_1_die_[action],melee,plus_1_free_[action]_action,combat,roll_6_plus_1_die_[action],melee,https://static.wikia.nocookie.net/zombicide/images/1/13/Chauncey.png
dr._stormcrow,Dr. Stormcrow,Knight Pack,dagger,hold_your_nose,,,,plus_1_action,plus_1_free_[action]_action,combat,zombie_link,,plus_1_die_[action],combat,plus_1_free_[action]_action,combat,plus_1_roll_[action],combat,https://static.wikia.nocookie.net/zombicide/images/9/95/DoctorStormcrow.png
gowan,Gowan,Knight Pack,bastard_sword,regeneration,,,,plus_1_action,plus_1_free_[action]_action,combat,plus_1_roll_[action],melee,ironclad_[zombie],,,,,,https://static.wikia.nocookie.net/zombicide/images/7/7a/Gowan.png
gregoire,Gregoire,Knight Pack,crossbow,ironclad_[zombie],wolfz,,,plus_1_action,plus_1_damage_[action],melee,plus_1_roll_[action],melee,plus_1_free_[action]_action,combat,bloodlust_[action],melee,regeneration,,https://static.wikia.nocookie.net/zombicide/images/c/c4/Gregoire.png
scowl,Scowl,Knight Pack,axe,plus_1_roll_[action],melee,,,plus_1_action,plus_1_free_[action]_action,melee,hit_run,,plus_1_die_[action],combat,plus_1_free_[action]_action,combat,jump,,https://static.wikia.nocookie.net/zombicide/images/d/d4/Scowl.png
grom,Grom,Grom and Thalia Box,great_sword,barbarian,,,,plus_1_action,plus_1_damage_[action],melee,shove,,plus_1_free_[action]_action,melee,plus_1_roll_[action],melee,bloodlust_[action],melee,https://static.wikia.nocookie.net/zombicide/images/3/35/Grom.png
thalia,Thalia,Grom and Thalia Box,dagger,bloodlust_[action],melee,,,plus_1_action,plus_1_roll_[action],melee,plus_1_free_[action]_action,melee,plus_1_die_[action],combat,plus_1_free_[action]_action,combat,shove,,https://static.wikia.nocookie.net/zombicide/images/4/43/Thalia.png
culnar,Cul'Nar,Special Guest Adrian Smith,shield,zombie_link,,,,plus_1_action,plus_1_free_[action]_action,melee,shove,,plus_1_free_[action]_action,combat,plus_1_roll_[action],melee,bloodlust_[action],melee,https://static.wikia.nocookie.net/zombicide/images/6/65/CulNar.png
gurbak,Gurbak,Special Guest Adrian Smith,earthquake_hammer,taunt,,,,plus_1_action,plus_1_free_[action]_action,melee,hit_run,,plus_1_free_[action]_action,melee,reaper_[action],combat,super_strength,,https://static.wikia.nocookie.net/zombicide/images/d/d6/Gurbak.png
jorvak,Jorvak,Special Guest Adrian Smith,ironclad:_zombie_wolfz,ironclad_[zombie],wolfz,,,plus_1_action,plus_1_free_[action]_action,melee,plus_1_free_[action]_action,move,plus_1_free_[action]_action,combat,plus_1_roll_[action],melee,reaper_[action],combat,https://static.wikia.nocookie.net/zombicide/images/d/d5/Jorvak.png
shakeel,Sha'Keel,Special Guest Adrian Smith,dagger,plus_1_free_[action]_action,move,,,plus_1_action,plus_1_free_[action]_action,melee,swordmaster,,plus_1_die_[action],combat,plus_1_free_[action]_action,combat,plus_1_roll_[action],combat,https://static.wikia.nocookie.net/zombicide/images/1/1e/ShaKeel.png
black_currant,Black Currant,Special Guest Carl Critchlow,great_sword,plus_1_damage_[action],melee,,,plus_1_action,plus_1_roll_[action],melee,shove,,plus_1_free_[action]_action,combat,iron_hide,,reaper_[action],melee,https://static.wikia.nocookie.net/zombicide/images/f/f6/BlackCurrant.png
persephone,Persephone,Special Guest Carl Critchlow,bastard_sword,plus_1_roll_[action],melee,,,plus_1_action,plus_1_free_[action]_action,melee,bloodlust_[action],combat,plus_1_die_[action],combat,plus_1_free_[action]_action,melee,roll_6_plus_1_die_[action],melee,https://static.wikia.nocookie.net/zombicide/images/b/b2/Persephone.png
thrud,Thrud,Special Guest Carl Critchlow,axe,barbarian,,,,plus_1_action,bloodlust_[action],melee,super_strength,,plus_1_free_[action]_action,melee,plus_1_roll_[action],melee,shove,,https://static.wikia.nocookie.net/zombicide/images/4/4a/Thrud.png
brickborn,Brickborn,Special Guest Edouard Guiton,hammer,plus_1_damage_[action],melee,,,plus_1_action,plus_1_free_[action]_action,magic,shove,,plus_1_die_[action],magic,plus_1_die_[action],melee,plus_1_free_[action]_action,melee,https://static.wikia.nocookie.net/zombicide/images/1/1c/Brickborn.png
hewelin,Hewelin,Special Guest Edouard Guiton,sword,swordmaster,,,,plus_1_action,plus_1_die_[action],melee,born_leader,,plus_1_roll_[action],melee,charge,,roll_6_plus_1_die_[action],melee,https://static.wikia.nocookie.net/zombicide/images/3/3d/Hewelin.png
kaila,Kaila,Special Guest Edouard Guiton,dagger,reaper_[action],melee,,,plus_1_action,plus_1_die_[action],melee,lucky,,plus_1_free_[action]_action,combat,plus_1_free_[action]_action,magic,frenzy_[action],combat,https://static.wikia.nocookie.net/zombicide/images/d/d8/Kalia.png
shalheira,Shalheira,Special Guest Edouard Guiton,longbow,starts_with_[equipment],longbow,,,plus_1_action,plus_1_die_[action],ranged,marksman,,plus_1_free_[action]_action,combat,plus_1_roll_[action],ranged,hit_run,,https://static.wikia.nocookie.net/zombicide/images/a/ac/Shalheira.png
celia_la_santa,Celia La Santa,Special Guest Gipi,healing,starts_with_[equipment],healing,,,plus_1_action,plus_1_free_[action]_action,melee,spellcaster,,plus_1_die_[action],combat,plus_1_free_[action]_action,combat,lifesaver,,https://static.wikia.nocookie.net/zombicide/images/5/5b/CeliaLaSanta.png
donna_carlotta,Donna Carlotta,Special Guest Gipi,hammer,plus_1_damage_[action],melee,,,plus_1_action,plus_1_die_[action],melee,bloodlust_[action],melee,plus_1_die_[action],combat,plus_1_free_[action]_action,combat,barbarian,,https://static.wikia.nocookie.net/zombicide/images/e/e5/DonnaCarlotta.png
pipino,Pipino,Special Guest Gipi,great_sword,frenzy_[action],combat,,,plus_1_action,iron_hide,,super_strength,,plus_1_free_[action]_action,melee,is_that_all_youve_got,,zombie_link,,https://static.wikia.nocookie.net/zombicide/images/3/3d/Pipino.png
the_little_prince,The Little Prince,Special Guest Gipi,sword,hit_run,,,,plus_1_action,plus_1_free_[action]_action,move,taunt,,plus_1_damage_[action],melee,plus_1_free_[action]_action,combat,ironclad_[zombie],abomination,https://static.wikia.nocookie.net/zombicide/images/4/4d/TheLittlePrince.png
cyrine,Cyrine,Special Guest John Howe,dragon_aura,starts_with_[equipment],dragon_aura,,,plus_1_action,plus_1_free_[action]_action,enchantment,plus_1_free_[action]_action,magic,plus_1_die_[action],magic,spellbook,,spellcaster,,https://static.wikia.nocookie.net/zombicide/images/1/14/Cyrine.png
dravog,Dravog,Special Guest John Howe,great_sword,starts_with_[equipment],great_sword,,,plus_1_action,plus_1_free_[action]_action,melee,blitz,,plus_1_free_[action]_action,combat,plus_1_roll_[action],melee,regeneration,,https://static.wikia.nocookie.net/zombicide/images/3/37/Dravog.png
gorvin,Gorvin,Special Guest John Howe,axe,starts_with_[equipment],axe,,,plus_1_action,plus_1_free_[action]_action,melee,bloodlust_[action],melee,plus_1_free_[action]_action,combat,plus_1_free_[action]_action,move,plus_1_roll_[action],melee,https://static.wikia.nocookie.net/zombicide/images/c/c9/Gorvin.png
hildir,Hildir,Special Guest John Howe,hell_goat,starts_with_[equipment],hell_goat,,,plus_1_action,plus_1_die_[action],magic,rotten,,plus_1_free_[action]_action,combat,spellcaster,,zombie_link,,https://static.wikia.nocookie.net/zombicide/images/c/c6/Hildir.png
johrgrund,Johrgrund,Special Guest Jovem Nerd,dagger,hit_run,,,,plus_1_action,plus_1_die_[action],melee,charge,,plus_1_free_[action]_action,combat,frenzy_[action],combat,reaper_[action],combat,https://static.wikia.nocookie.net/zombicide/images/9/96/Johrgrund.png
korin,Korin,Special Guest Jovem Nerd,shield,starts_with_[equipment],sword,,,plus_1_action,plus_1_free_[action]_action,combat,lifesaver,,plus_1_free_[action]_action,combat,iron_hide,,super_strength,,https://static.wikia.nocookie.net/zombicide/images/8/88/Korin.png
ruff_ghanor,Ruff Ghanor,Special Guest Jovem Nerd,hammer,shove,,,,plus_1_action,plus_1_roll_[action],melee,iron_hide,,plus_1_free_[action]_action,combat,lucky,,reaper_[action],melee,https://static.wikia.nocookie.net/zombicide/images/c/c3/RuffGhanor.png
the_prior,The Prior,Special Guest Jovem Nerd,hammer,plus_1_damage_[action],melee,,,plus_1_action,plus_1_free_[action]_action,enchantment,plus_1_free_[action]_action,melee,plus_1_free_[action]_action,combat,ironclad_[zombie],,lifesaver,,https://static.wikia.nocookie.net/zombicide/images/e/e8/ThePrior.png
dame_ahelissa,Dame Ahelissa,Special Guest Karl Kopinski,sword,lifesaver,,,,plus_1_action,plus_1_free_[action]_action,melee,plus_1_roll_[action],melee,plus_1_free_[action]_action,combat,iron_hide,,reaper_[action],combat,https://static.wikia.nocookie.net/zombicide/images/f/f7/DameAhelissa.png
garuk,Garuk,Special Guest Karl Kopinski,axe,bloodlust_[action],melee,,,plus_1_action,plus_1_roll_[action],melee,barbarian,,plus_1_die_[action],melee,shove,,taunt,,https://static.wikia.nocookie.net/zombicide/images/7/73/Garuk.png
marcus,Marcus,Special Guest Karl Kopinski,invisibility,slippery,,,,plus_1_action,plus_1_free_[action]_action,magic,marksman,,plus_1_die_[action],combat,plus_1_free_[action]_action,move,mana_rain,,https://static.wikia.nocookie.net/zombicide/images/a/a3/Marcus.png
ulfo,Ulfo,Special Guest Karl Kopinski,axe,born_leader,,,,plus_1_action,plus_1_die_[action],combat,plus_1_roll_[action],melee,plus_1_die_[action],combat,plus_1_free_[action]_action,combat,roll_6_plus_1_die_[action],combat,https://static.wikia.nocookie.net/zombicide/images/0/01/Ulfo.png
antha,Antha,Special Guest Marc Simonetti,healing,destiny,,,,plus_1_action,plus_1_die_[action],magic,spellcaster,,plus_1_die_[action],combat,plus_1_free_[action]_action,combat,plus_1_roll_[action],magic,https://static.wikia.nocookie.net/zombicide/images/8/8b/Antha.png
cadence,Cadence,Special Guest Marc Simonetti,longbow,marksman,,,,plus_1_action,plus_1_die_[action],ranged,plus_1_free_[action]_action,ranged,plus_1_die_[action],combat,plus_1_free_[action]_action,combat,plus_1_roll_[action],ranged,https://static.wikia.nocookie.net/zombicide/images/6/63/Cadence.png
lady_grimm,Lady Grimm,Special Guest Marc Simonetti,hammer,shove,,,,plus_1_action,plus_1_free_[action]_action,melee,charge,,plus_1_die_[action],combat,plus_1_free_[action]_action,combat,is_that_all_youve_got,,https://static.wikia.nocookie.net/zombicide/images/0/07/LadyGrimm.png
redcap_rodney,Redcap Rodney,Special Guest Marc Simonetti,axe,plus_1_damage_[action],melee,,,plus_1_action,plus_1_free_[action]_action,melee,reaper_[action],melee,plus_1_free_[action]_action,combat,plus_1_roll_[action],melee,zombie_link,,https://static.wikia.nocookie.net/zombicide/images/a/ac/RedcapRodney.png
merieil,Merieil,Special Guest Naïade,transmutation,plus_1_die_[action],combat,,,plus_1_action,plus_1_free_[action]_action,melee,spellcaster,,iron_rain,,mana_rain,,shove,,https://static.wikia.nocookie.net/zombicide/images/f/fb/Merieil.png
milo,Milo,Special Guest Naïade,speed,plus_1_damage_[action],magic,,,plus_1_action,slippery,,spellcaster,,plus_1_die_[action],magic,plus_1_free_[action]_action,move,hit_run,,https://static.wikia.nocookie.net/zombicide/images/5/5c/Milo.png
ostokar,Ostokar,Special Guest Naïade,speed,zombie_link,,,,plus_1_action,plus_1_free_[action]_action,move,spellcaster,,plus_1_free_[action]_action,combat,plus_1_roll_[action],magic,hit_run,,https://static.wikia.nocookie.net/zombicide/images/a/a8/Ostokar.png
thundergut,Thundergut,Special Guest Naïade,hammer,starts_with_[equipment],hammer,,,plus_1_action,plus_1_die_[action],melee,reaper_[action],melee,plus_1_die_[action],melee,plus_1_free_[action]_action,combat,roll_6_plus_1_die_[action],melee,https://static.wikia.nocookie.net/zombicide/images/9/9a/Thundergut.png
alainon,Alainon,Special Guest Neal Adams,torch,hold_your_nose,,,,plus_1_action,plus_1_free_[action]_action,melee,is_that_all_youve_got,,plus_1_free_[action]_action,combat,plus_1_roll_[action],combat,lucky,,https://static.wikia.nocookie.net/zombicide/images/2/22/Alainon.png
golor,Golor,Special Guest Neal Adams,hammer,starts_with_[equipment],hammer,,,plus_1_action,plus_1_die_[action],combat,plus_1_free_[action]_action,melee,plus_1_damage_[action],melee,plus_1_free_[action]_action,combat,plus_1_roll_[action],melee,https://static.wikia.nocookie.net/zombicide/images/5/57/Golor.png
gronstag,Gronstag,Special Guest Neal Adams,flaming_great_sword,starts_with_[equipment],flaming_great_sword,,,plus_1_action,plus_1_roll_[action],melee,bloodlust_[action],melee,plus_1_damage_[action],melee,plus_1_free_[action]_action,combat,barbarian,,https://static.wikia.nocookie.net/zombicide/images/9/9a/Gronstag.png
yrina,Yrina,Special Guest Neal Adams,sword,jump,,,,plus_1_action,plus_1_free_[action]_action,melee,hit_run,,plus_1_free_[action]_action,combat,plus_1_roll_[action],melee,reaper_[action],combat,https://static.wikia.nocookie.net/zombicide/images/4/42/Yrina.png
arnwal,Arnwal,Special Guest Paolo Parente,sword,jump,,,,plus_1_action,plus_1_free_[action]_action,melee,slippery,,plus_1_free_[action]_action,combat,plus_1_free_[action]_action,move,two_zones_move,,https://static.wikia.nocookie.net/zombicide/images/5/51/Arnwal.png
konrad,Konrad,Special Guest Paolo Parente,shield,swordmaster,,,,plus_1_action,bloodlust_[action],melee,reaper_[action],melee,plus_1_die_[action],combat,plus_1_free_[action]_action,combat,frenzy_[action],combat,https://static.wikia.nocookie.net/zombicide/images/8/81/Konrad.png
sköll,Sköll,Special Guest Paolo Parente,great_sword,regeneration,,,,plus_1_action,reaper_[action],melee,super_strength,,plus_1_free_[action]_action,melee,bloodlust_[action],melee,iron_hide,,https://static.wikia.nocookie.net/zombicide/images/1/15/Skoll.png
undraal,Undraal,Special Guest Paolo Parente,sword,charge,,,,plus_1_action,plus_1_die_[action],melee,born_leader,,plus_1_free_[action]_action,melee,plus_1_roll_[action],melee,lifesaver,,https://static.wikia.nocookie.net/zombicide/images/6/61/Undraal.png
genevieve,Genevieve,Special Guest Paul Bonner,crossbow,plus_1_damage_[action],ranged,,,plus_1_action,plus_1_die_[action],ranged,plus_1_free_[action]_action,ranged,plus_1_die_[action],combat,plus_1_free_[action]_action,combat,plus_1_roll_[action],ranged,https://static.wikia.nocookie.net/zombicide/images/7/76/Genevieve.png
klom,Klom,Special Guest Paul Bonner,axe,barbarian,,,,plus_1_action,plus_1_roll_[action],melee,super_strength,,bloodlust_[action],melee,regeneration,,shove,,https://static.wikia.nocookie.net/zombicide/images/6/64/Klom.png
lord_bazak,Lord Bazak,Special Guest Paul Bonner,great_sword,plus_1_roll_[action],melee,,,plus_1_action,plus_1_free_[action]_action,melee,iron_hide,,bloodlust_[action],melee,roll_6_plus_1_die_[action],melee,shove,,https://static.wikia.nocookie.net/zombicide/images/2/2e/Lord_Bazak.png
mizar,Mizar,Special Guest Paul Bonner,death_strike,plus_1_free_[action]_action,magic,,,plus_1_action,plus_1_free_[action]_action,combat,spellbook,,lucky,,marksman,,spellcaster,,https://static.wikia.nocookie.net/zombicide/images/1/1f/Mizar.png
azure,Azure,Special Guest Stefan Kopinski,longbow,swordmaster,,,,plus_1_action,plus_1_die_[action],combat,plus_1_free_[action]_action,move,plus_1_die_[action],combat,hit_run,,reaper_[action],combat,https://static.wikia.nocookie.net/zombicide/images/c/c0/Azure.png
gaak,Gaak,Special Guest Stefan Kopinski,short_sword,reaper_[action],melee,,,plus_1_action,plus_1_free_[action]_action,move,bloodlust_[action],melee,plus_1_free_[action]_action,combat,hit_run,,rotten,,https://static.wikia.nocookie.net/zombicide/images/f/f0/Gaak.png
the_blackheart,The Blackheart,Special Guest Stefan Kopinski,invisibility,zombie_link,,,,plus_1_action,plus_1_roll_[action],magic,is_that_all_youve_got,,plus_1_free_[action]_action,combat,reaper_[action],combat,spellcaster,,https://static.wikia.nocookie.net/zombicide/images/2/2c/TheBlackheart.png
ysabel,Ysabel,Special Guest Stefan Kopinski,axe,starts_with_[equipment],axe,,,plus_1_action,plus_1_damage_[action],melee,reaper_[action],melee,plus_1_die_[action],combat,plus_1_free_[action]_action,combat,taunt,,https://static.wikia.nocookie.net/zombicide/images/b/be/Ysabel.png
benson,Benson,Benson Box,sword,starts_with_[equipment],sword,,,plus_1_action,plus_1_free_[action]_action,melee,born_leader,,plus_1_damage_[action],sword,lucky,,shove,,https://static.wikia.nocookie.net/zombicide/images/b/bd/Benson.png
homer,Homer,Homer Box,dagger,tactician,,,,plus_1_action,plus_1_die_[action],combat,plus_1_free_[action]_action,move,plus_1_die_[action],combat,plus_1_free_[action]_action,combat,hit_run,,https://static.wikia.nocookie.net/zombicide/images/3/33/Homer.png
willow,Willow,Willow Box,longbow,plus_1_roll_[action],ranged,,,plus_1_action,plus_1_die_[action],ranged,hit_run,,plus_1_die_[action],ranged,plus_1_free_[action]_action,ranged,roll_6_plus_1_die_[action],ranged,https://static.wikia.nocookie.net/zombicide/images/b/b2/Willow.png
bruce,Bruce,Game Night Kit,sword,slippery,,,,plus_1_action,plus_1_free_[action]_action,move,swordmaster,,plus_1_die_[action],combat,plus_1_free_[action]_action,move,lucky,,https://static.wikia.nocookie.net/zombicide/images/1/14/Bruce.png
asim,Asim,Green Horde,curved_dagger,plus_1_roll_[action],magic,,,plus_1_action,plus_1_die_[action],magic,spellbook,,plus_1_die_[action],magic,roll_6_plus_1_die_[action],magic,spellcaster,,https://static.wikia.nocookie.net/zombicide/images/5/5a/Asim.png
berin,Berin,Green Horde,dwarven_axe,shove,,,,plus_1_action,plus_1_die_[action],melee,plus_1_free_[action]_action,melee,plus_1_damage_[action],melee,plus_1_free_[action]_action,combat,bloodlust_[action],melee,https://static.wikia.nocookie.net/zombicide/images/a/ac/Berin.png
johannes,Johannes,Green Horde,crossbow,transmutation,,,,plus_1_action,plus_1_free_[action]_action,ranged,plus_1_roll_[action],ranged,plus_1_free_[action]_action,ranged,plus_1_max_range,,reaper_[action],ranged,https://static.wikia.nocookie.net/zombicide/images/4/4d/Johannes.png
megan,Megan,Green Horde,speed,double_casting,,,,plus_1_action,plus_1_free_[action]_action,melee,spellbook,,plus_1_free_[action]_action,combat,plus_1_roll_[action],magic,plus_1_roll_[action],melee,https://static.wikia.nocookie.net/zombicide/images/e/e5/Megan.png
rolf,Rolf,Green Horde,great_axe,bloodlust_[action],melee,,,plus_1_action,plus_1_free_[action]_action,melee,jump,,plus_1_free_[action]_action,combat,battle_rage,,shove,,https://static.wikia.nocookie.net/zombicide/images/6/66/Rolf.png
seli,Seli,Green Horde,curved_dagger,jump,,,,plus_1_action,plus_1_free_[action]_action,melee,hit_run,,plus_1_free_[action]_action,move,roll_6_plus_1_die_[action],combat,zombie_link,,https://static.wikia.nocookie.net/zombicide/images/0/04/Seli.png
doran,Doran,Friends and Foes,power_wave,plus_1_roll_[action],magic,,,plus_1_action,plus_1_die_[action],magic,spellbook,,plus_1_die_[action],magic,roll_6_plus_1_die_[action],magic,spellcaster,,https://static.wikia.nocookie.net/zombicide/images/4/43/Doran.png
kabral,Kabral,Friends and Foes,heavy_dagger,shove,,,,plus_1_action,barbarian,,bloodlust_[action],melee,plus_1_die_[action],melee,plus_1_free_[action]_action,melee,plus_1_roll_[action],melee,https://static.wikia.nocookie.net/zombicide/images/9/96/Kabral.png
katelyn,Katelyn,Friends and Foes,horn_bow,brother_in_arms_[game_effect],plus_1_die_[action]:combat,,,plus_1_action,plus_1_free_[action]_action,melee,sprint,,plus_1_free_[action]_action,move,plus_1_free_[action]_action,combat,roll_6_plus_1_damage_[action],combat,https://static.wikia.nocookie.net/zombicide/images/6/6f/Katelyn.png
solveig,Solveig,Friends and Foes,heavy_sword,born_leader,,,,plus_1_action,plus_1_free_[action]_action,combat,brother_in_arms_[game_effect],iron_hide,plus_1_free_[action]_action,combat,plus_1_roll_[action],melee,bloodlust_[action],melee,https://static.wikia.nocookie.net/zombicide/images/6/65/Solveig.png
anton_guffen,Anton Guffen,Horde Box,repulse,iron_hide,,,,plus_1_action,plus_1_free_[action]_action,magic,plus_1_zone_move,,plus_1_free_[action]_action,combat,point_blank,,spellcaster,,https://static.wikia.nocookie.net/zombicide/images/c/c8/AntonGuffen.png
asmodeus,Asmodeus,Horde Box,curved_dagger,starts_with_[equipment],curved_dagger,,,plus_1_action,plus_1_die_[action],melee,slippery,,plus_1_damage_[action],melee,rotten,,taunt,,https://static.wikia.nocookie.net/zombicide/images/3/34/Asmodeus.png
badger,Badger,Horde Box,healing,plus_1_free_[action]_action,melee,,,plus_1_action,regeneration,,swordmaster,,plus_1_die_[action],melee,plus_1_roll_[action],melee,ironclad_[zombie],abomination,https://static.wikia.nocookie.net/zombicide/images/f/ff/Badger.png
billy,Billy,Horde Box,norse_shield,lifesaver,,,,plus_1_action,bloodlust_[action],melee,plus_1_roll_[action],melee,plus_1_free_[action]_action,melee,reaper_[action],melee,roll_6_plus_1_die_[action],melee,https://static.wikia.nocookie.net/zombicide/images/9/95/Billy.png
brangednog,Brangednog,Horde Box,dwarven_hammer,starts_with_[equipment],dwarven_hammer,,,plus_1_action,bloodlust_[action],melee,iron_hide,,plus_1_free_[action]_action,combat,ironclad_[zombie],walker,tough,,https://static.wikia.nocookie.net/zombicide/images/7/7f/Brannog.png
brix_moonshine,Brix Moonshine,Horde Box,curved_dagger,brother_in_arms_[game_effect],search_plus_1_card,taunt,,plus_1_action,plus_1_free_[action]_action,magic,plus_1_free_[action]_action,melee,plus_1_free_[action]_action,combat,barbarian,,mana_rain,,https://static.wikia.nocookie.net/zombicide/images/0/04/BrixMoonshine.png
cassius,Cassius,Horde Box,falchion,battle_rage,,,,plus_1_action,plus_1_free_[action]_action,melee,swordmaster,,plus_1_die_[action],melee,ironclad_[zombie],brute,iron_hide,,https://static.wikia.nocookie.net/zombicide/images/7/7f/Cassius.png
countess_ordelia,Countess Ordelia,Horde Box,hand_crossbow,born_leader,,,,plus_1_action,brother_in_arms_[game_effect],plus_1_free_[action]_action:move,reaper_[action],ranged,plus_1_roll_[action],ranged,brother_in_arms_[game_effect],plus_1_free_[action]_action:combat,taunt,,https://static.wikia.nocookie.net/zombicide/images/e/e2/CountessOrdelia.png
earl_jaimie,Earl Jaimie,Horde Box,death_gale,zombie_link,,,,plus_1_action,born_leader,,double_casting,,plus_1_free_[action]_action,combat,plus_1_roll_[action],magic,spellcaster,,https://static.wikia.nocookie.net/zombicide/images/0/05/EarlJaimie.png
finarton,Finarton,Horde Box,only_great_axe_or_shield,giant,,throw,,plus_1_action,reach,,slippery,,plus_1_roll_[action],melee,barbarian,,battle_rage,,https://static.wikia.nocookie.net/zombicide/images/0/0b/Finarton.png
fylguria,Fylguria,Horde Box,lightning_ball,jump,,,,plus_1_action,plus_1_free_[action]_action,magic,born_leader,,plus_1_free_[action]_action,magic,plus_1_free_[action]_action,move,mana_rain,,https://static.wikia.nocookie.net/zombicide/images/b/b2/Fylguria.png
gannicus,Gannicus,Horde Box,tremor,taunt,,,,plus_1_action,plus_1_free_[action]_action,melee,shove,,plus_1_damage_[action],melee,plus_1_free_[action]_action,melee,plus_1_free_[action]_action,move,https://static.wikia.nocookie.net/zombicide/images/7/72/Gannicus.png
grayson_grüber,Grayson Grüber,Horde Box,death_gale,plus_1_free_[action]_action,magic,,,plus_1_action,spellbook,,spellcaster,,plus_1_damage_[action],magic,plus_1_free_[action]_action,combat,plus_1_free_[action]_action,enchantment,https://static.wikia.nocookie.net/zombicide/images/f/f4/GraysonGruber.png
hyg,Hyg,Horde Box,great_axe,brother_in_arms_[game_effect],plus_1_die_[action]:combat,,,plus_1_action,bloodlust_[action],melee,born_leader,,plus_1_free_[action]_action,melee,brother_in_arms_[game_effect],plus_1_free_[action]_action:melee,swordmaster,,https://static.wikia.nocookie.net/zombicide/images/4/4c/Hyg.png
hyld,Hyld,Horde Box,norse_shield,starts_with_[equipment],norse_shield,,,plus_1_action,plus_1_die_[action],melee,plus_1_roll_[action],melee,plus_1_free_[action]_action,melee,born_leader,,lifesaver,,https://static.wikia.nocookie.net/zombicide/images/6/6e/Hyld.png
jeanne,Jeanne,Horde Box,dragon_bile,born_leader,,,,plus_1_action,bloodlust_[action],melee,brother_in_arms_[game_effect],plus_1_die_[action]:combat,plus_1_damage_[action],melee,plus_1_free_[action]_action,combat,brother_in_arms_[game_effect],plus_1_die_[action]:combat,https://static.wikia.nocookie.net/zombicide/images/e/e7/Jeanne.png
kelsey,Kelsey,Horde Box,healing,plus_1_free_[action]_action,enchantment,,,plus_1_action,double_casting,,spellbook,,plus_1_max_range,,plus_1_roll_[action],magic,spellcaster,,https://static.wikia.nocookie.net/zombicide/images/f/f6/Kelsey.png
lividia,Lividia,Horde Box,norse_shield,plus_1_free_[action]_action,combat,,,plus_1_action,plus_1_free_[action]_action,melee,marksman,,plus_1_die_[action],combat,plus_1_free_[action]_action,move,lifesaver,,https://static.wikia.nocookie.net/zombicide/images/5/51/Lividia.png
lorentz,Lorentz,Horde Box,longbow,plus_1_max_range,,,,plus_1_action,plus_1_free_[action]_action,ranged,marksman,,plus_1_free_[action]_action,combat,plus_1_free_[action]_action,move,plus_1_roll_[action],ranged,https://static.wikia.nocookie.net/zombicide/images/d/d9/Lorentz.png
princess_ayla,Princess Ayla,Horde Box,tremor,super_strength,,,,plus_1_action,plus_1_free_[action]_action,melee,lifesaver,,plus_1_free_[action]_action,combat,plus_1_roll_[action],melee,shove,,https://static.wikia.nocookie.net/zombicide/images/e/e6/PrincessAyla.png
rocco,Rocco,Horde Box,ghost_sight,starts_with_[equipment],crossbow,,,plus_1_action,plus_1_free_[action]_action,enchantment,plus_1_max_range,,plus_1_die_[action],ranged,plus_1_roll_[action],ranged,hit_run,,https://static.wikia.nocookie.net/zombicide/images/1/1c/Rocco.png
ryan_john,Ryan John,Horde Box,norse_shield,lucky,,roll_6_plus_1_die_[action],melee,plus_1_action,plus_1_roll_[action],melee,born_leader,,plus_1_free_[action]_action,melee,barbarian,,bloodlust_[action],melee,https://static.wikia.nocookie.net/zombicide/images/b/b0/RyanJohn.png
sigrun,Sigrun,Horde Box,scimitar,hit_run,,,,plus_1_action,plus_1_free_[action]_action,move,charge,,plus_1_damage_[action],melee,plus_1_free_[action]_action,combat,plus_1_zone_move,,https://static.wikia.nocookie.net/zombicide/images/6/65/Sigrun.png
sir_schwarz,Sir Schwarz,Horde Box,norse_sword,is_that_all_youve_got,,,,plus_1_action,plus_1_free_[action]_action,melee,regeneration,,plus_1_roll_[action],melee,charge,,iron_hide,,https://static.wikia.nocookie.net/zombicide/images/3/37/SirSchwarz.png
spearhead,Spearhead,Horde Box,torch,jump,,,,plus_1_action,ambidextrous,,iron_rain,,plus_1_die_[action],combat,plus_1_free_[action]_action,combat,frenzy_[action],combat,https://static.wikia.nocookie.net/zombicide/images/c/ce/Spearhead.png
the_deathmaster,The Deathmaster,Horde Box,great_axe,reaper_[action],melee,taunt,,plus_1_action,bloodlust_[action],melee,plus_1_roll_[action],melee,plus_1_free_[action]_action,melee,barbarian,,super_strength,,https://static.wikia.nocookie.net/zombicide/images/d/d3/TheDeathmaster.png
the_marquis,The Marquis,Horde Box,falchion,jump,,swordmaster,,plus_1_action,plus_1_die_[action],melee,born_leader,,plus_1_die_[action],combat,plus_1_free_[action]_action,combat,plus_1_roll_[action],melee,https://static.wikia.nocookie.net/zombicide/images/c/cd/TheMarquis.png
thomas,Thomas,Horde Box,healing,plus_1_free_[action]_action,enchantment,,,plus_1_action,plus_1_free_[action]_action,melee,spellcaster,,plus_1_die_[action],melee,plus_1_free_[action]_action,magic,plus_1_roll_[action],magic,https://static.wikia.nocookie.net/zombicide/images/4/42/Thomas.png
ygraine,Ygraine,Horde Box,norse_sword,plus_1_roll_[action],melee,,,plus_1_action,plus_1_free_[action]_action,melee,plus_1_free_[action]_action,move,plus_1_damage_[action],melee,bloodlust_[action],melee,hit_run,,https://static.wikia.nocookie.net/zombicide/images/2/25/Ygraine.png
zanzibar,Zanzibar,Horde Box,ghost_sight,spellbook,,spellcaster,,plus_1_action,plus_1_free_[action]_action,magic,born_leader,,plus_1_die_[action],magic,double_casting,,mana_rain,,https://static.wikia.nocookie.net/zombicide/images/2/24/Zanzibar.png
zee,Zee,Horde Box,telekinetic_blast,plus_1_free_[action]_action,enchantment,,,plus_1_action,spellbook,,spellcaster,,plus_1_free_[action]_action,magic,double_casting,,ironclad_[zombie],abomination,https://static.wikia.nocookie.net/zombicide/images/9/9d/Zee.png
liam,Liam,Liam Box,curved_dagger,zombie_link,,,,plus_1_action,plus_1_damage_[action],melee,slippery,,plus_1_free_[action]_action,combat,plus_1_free_[action]_action,move,rotten,,https://static.wikia.nocookie.net/zombicide/images/1/15/Liam.png
north_the_halfling,North the Halfling,North the Halfling Box,torch,plus_1_free_[action]_action,search,,,plus_1_action,plus_1_die_[action],combat,slippery,,plus_1_free_[action]_action,move,lucky,,,,https://static.wikia.nocookie.net/zombicide/images/f/fe/NorthTheHalfling.png
carol_black_oak,Carol Black-Oak,Special Guest Paul Bonner 2,dwarven_hammer,collector_[zombie],runner,,,plus_1_action,collector_[zombie],brute,reaper_[action],melee,plus_1_free_[action]_action,combat,charge,,collector_[zombie],walker,https://static.wikia.nocookie.net/zombicide/images/5/5e/CarolBlackOak.png
kirag,Kirag,Special Guest Paul Bonner 2,dwarven_hammer,tactician,,no_move_actions,,plus_1_action,born_leader,,plus_1_max_range,,brother_in_arms_[game_effect],plus_1_die_[action]:combat,brother_in_arms_[game_effect],plus_1_free_[action]_action:combat,brother_in_arms_[game_effect],iron_hide,https://static.wikia.nocookie.net/zombicide/images/b/b6/Kirag.png
thorg,Thorg,Special Guest Paul Bonner 2,dragon_bile,plus_1_free_[action]_action,move,carries_kirag,,plus_1_action,jump,,slippery,,brother_in_arms_[game_effect],plus_1_damage_[action]:melee,brother_in_arms_[game_effect],plus_1_die_[action]:combat,brother_in_arms_[game_effect],plus_1_free_[action]_action:combat,https://static.wikia.nocookie.net/zombicide/images/9/98/Thorg.png
tola,Tola,Special Guest Paul Bonner 2,norse_shield,plus_1_damage_[action],melee,,,plus_1_action,barbarian,,bloodlust_[action],melee,plus_1_die_[action],combat,plus_1_free_[action]_action,melee,shove,,https://static.wikia.nocookie.net/zombicide/images/8/85/Tola.png
birmbauer,Birmbauer,Special Guest Sean A Murray,lightning_ball,starts_with_[equipment],lightning_ball,,,plus_1_action,plus_1_die_[action],magic,plus_1_max_range,,plus_1_die_[action],magic,plus_1_free_[action]_action,magic,point_blank,,https://static.wikia.nocookie.net/zombicide/images/2/25/Birmbauer.png
kendra,Kendra,Special Guest Sean A Murray,telekinetic_blast,slippery,,,,plus_1_action,plus_1_free_[action]_action,magic,plus_1_roll_[action],melee,plus_1_free_[action]_action,melee,plus_1_free_[action]_action,move,plus_1_roll_[action],magic,https://static.wikia.nocookie.net/zombicide/images/8/88/Kendra.png
spellbones,Spellbones,Special Guest Sean A Murray,ghost_sight,lucky,,,,plus_1_action,plus_1_roll_[action],magic,zombie_link,,plus_1_free_[action]_action,magic,roll_6_plus_1_die_[action],magic,rotten,,https://static.wikia.nocookie.net/zombicide/images/2/2f/Spellbones.png
ultimate_ann,Ultimate Ann,Black Plague Ultimate Survivors,shield,bloodlust_[action],melee,iron_hide,,plus_1_action,plus_1_free_[action]_action,melee,spellcaster,,plus_1_damage_[action],combat,plus_1_free_[action]_action,combat,plus_1_roll_[action],combat,https://static.wikia.nocookie.net/zombicide/images/3/30/AnnUltimate.png
ultimate_baldric,Ultimate Baldric,Black Plague Ultimate Survivors,any_enchantment,plus_1_die_[action],combat,spellcaster,,plus_1_action,plus_1_free_[action]_action,combat,spellbook,,plus_1_die_[action],magic,plus_1_free_[action]_action,combat,plus_1_roll_[action],combat,https://static.wikia.nocookie.net/zombicide/images/6/64/BaldricUltimate.png
ultimate_clovis,Ultimate Clovis,Black Plague Ultimate Survivors,shield,plus_1_die_[action],melee,taunt,,plus_1_action,plus_1_free_[action]_action,melee,brother_in_arms_[game_effect],plus_1_free_[action]_action:combat,plus_1_roll_[action],combat,brother_in_arms_[game_effect],plus_1_free_[action]_action:combat,hit_run,,https://static.wikia.nocookie.net/zombicide/images/5/53/ClovisUltimate.png
ultimate_nelly,Ultimate Nelly,Black Plague Ultimate Survivors,dagger,plus_1_free_[action]_action,move,lifesaver,,plus_1_action,bloodlust_[action],melee,shove,,plus_1_free_[action]_action,combat,plus_1_roll_[action],combat,plus_1_zone_move,,https://static.wikia.nocookie.net/zombicide/images/3/30/NellyUltimate.png
ultimate_samson,Ultimate Samson,Black Plague Ultimate Survivors,hammer,charge,,iron_hide,,plus_1_action,plus_1_roll_[action],combat,barbarian,,plus_1_damage_[action],melee,plus_1_free_[action]_action,combat,roll_6_plus_1_die_[action],melee,https://static.wikia.nocookie.net/zombicide/images/9/9e/SamsonUltimate.png
ultimate_silas,Ultimate Silas,Black Plague Ultimate Survivors,longbow,plus_1_max_range,,plus_1_roll_[action],ranged,plus_1_action,plus_1_free_[action]_action,ranged,marksman,,plus_1_free_[action]_action,combat,iron_rain,,roll_6_plus_1_die_[action],ranged,https://static.wikia.nocookie.net/zombicide/images/3/3e/SilasUltimate.png
lion_o,Lion-O,Thundercats Pack 1,sword_of_omens_or_claw_shield,born_leader,,,,plus_1_action,destiny,,roll_6_plus_1_die_[action],combat,plus_1_free_[action]_action,combat,brother_in_arms_[game_effect],plus_1_die_[action]:combat,shove,,https://static.wikia.nocookie.net/zombicide/images/4/4e/LionO.png
cheetara,Cheetara,Thundercats Pack 1,cheetaras_bo_staff,sprint,,,,plus_1_action,blitz,,charge,,two_zones_move,,slippery,,zombie_link,,https://static.wikia.nocookie.net/zombicide/images/0/0b/Cheetara.png
snarf,Snarf,Thundercats Pack 1,shield,hold_your_nose,,,,plus_1_action,brother_in_arms_[game_effect],plus_1_die_[action]:combat,slippery,,lifesaver,,lucky,,roll_6_plus_1_die_[action],combat,https://static.wikia.nocookie.net/zombicide/images/2/2f/Snarf.png
slithe,Slithe,Thundercats Pack 1,slithes_battleaxe,born_leader,,,,plus_1_action,plus_1_roll_[action],combat,bloodlust_[action],melee,charge,,frenzy_[action],combat,barbarian,,https://static.wikia.nocookie.net/zombicide/images/6/60/Slithe.png
panthro,Panthro,Thundercats Pack 2,panthros_nunchuck,tough,,,,plus_1_action,battle_rage,,taunt,,plus_1_free_[action]_action,melee,ironclad_[zombie],walker,super_strength,,
tygra,Tygra,Thundercats Pack 2,tygras_bolo_whip,tactician,,,,plus_1_action,plus_1_max_range,,double_casting,,plus_1_roll_[action],magic,shove,,spellcaster,,
wilykit,WilyKit,Thundercats Pack 2,kits_and_kats_bombs_and_capsules,low_profile,,,,plus_1_action,sprint,,trick_shot,,plus_1_free_[action]_action,move,plus_1_free_[action]_action,ranged,slippery,,
wilykat,WilyKat,Thundercats Pack 2,kits_and_kats_bombs_and_capsules,hit_run,,,,plus_1_action,low_profile,,marksman,,two_zones_move,,slippery,,zombie_link,,
jackalman,Jackalman,Thundercats Pack 2,axe,plus_1_die_[action],melee,,,plus_1_action,brother_in_arms_[game_effect],plus_1_die_[action]:ranged,charge,,plus_1_free_[action]_action,melee,roll_6_plus_1_die_[action],ranged,shove,,
pharaoh_eddie,Pharaoh Eddie,Iron Maiden Pack 1,fireball,powerslave,,,,plus_1_action,plus_1_free_[action]_action,ranged,spellbook,,plus_1_free_[action]_action,magic,born_leader,,brother_in_arms_[game_effect],plus_1_die_[action]:ranged,https://static.wikia.nocookie.net/zombicide/images/8/84/PharaohEddie_IM.png
reaper_eddie,Reaper Eddie,Iron Maiden Pack 1,reapers_scythe,dance_of_death,,,,plus_1_action,jump,,tactician,,plus_1_free_[action]_action,melee,bloodlust_[action],melee,lucky,,https://static.wikia.nocookie.net/zombicide/images/8/89/ReaperEddie_IM.png
samurai_eddie,Samurai Eddie,Iron Maiden Pack 1,maiden_japan,flash_of_the_blade,,,,plus_1_action,bloodlust_[action],melee,taunt,,plus_1_free_[action]_action,melee,reaper_[action],melee,slippery,,
mummy_eddie,Mummy Eddie,Iron Maiden Pack 2,lightning_ball,heaven_can_wait,,,,plus_1_action,plus_1_roll_[action],melee,ironclad_[zombie],walker,bloodlust_[action],melee,lifesaver,,zombie_link,,https://static.wikia.nocookie.net/zombicide/images/f/f0/ShamanEddie_IM.png
shaman_eddie,Shaman Eddie,Iron Maiden Pack 2,dagger,death_or_glory,,,,plus_1_action,plus_1_free_[action]_action,enchantment,plus_1_free_[action]_action,magic,double_casting,,frenzy_[action],magic,slippery,,
annalisa,Annalisa,La Compagnia Della Forca,longbow,marksman,,,,plus_1_action,plus_1_die_[action],ranged,plus_1_roll_[action],ranged,plus_1_max_range,,reaper_[action],ranged,roll_6_plus_1_die_[action],ranged,https://static.wikia.nocookie.net/zombicide/images/b/bc/Annalisa.png
bertrand,Bertrand,La Compagnia Della Forca,transmutation,slippery,,,,plus_1_action,plus_1_die_[action],ranged,free_reload,,plus_1_free_[action]_action,ranged,brother_in_arms_[game_effect],plus_1_roll_[action]:combat,trick_shot,,https://static.wikia.nocookie.net/zombicide/images/a/a8/Bertrand.png
brand,Brand,La Compagnia Della Forca,short_sword,hit_run,,,,plus_1_action,plus_1_die_[action],combat,born_leader,,plus_1_free_[action]_action,melee,plus_1_free_[action]_action,move,tactician,,https://static.wikia.nocookie.net/zombicide/images/9/90/Bran.png
captain_goliath,Captain Goliath,La Compagnia Della Forca,hammer,starts_with_[equipment],hammer,,,plus_1_action,plus_1_die_[action],melee,plus_1_roll_[action],melee,plus_1_damage_[action],melee,plus_1_free_[action]_action,melee,tactician,,https://static.wikia.nocookie.net/zombicide/images/4/48/CaptainGoliath.png
ciacco,Ciacco,La Compagnia Della Forca,axe,starts_with_[equipment],axe,,,plus_1_action,plus_1_die_[action],melee,lifesaver,,plus_1_damage_[action],melee,bloodlust_[action],melee,break_in,,https://static.wikia.nocookie.net/zombicide/images/5/5e/Ciacco.png
doctor_nadir,Doctor Nadir,La Compagnia Della Forca,transmutation,spellcaster,,,,plus_1_action,plus_1_die_[action],magic,spellbook,,plus_1_damage_[action],magic,plus_1_free_[action]_action,magic,mana_rain,,https://static.wikia.nocookie.net/zombicide/images/9/94/DoctorNadir.png
grand_vizier,Grand Vizier,La Compagnia Della Forca,crocca,starts_with_[equipment],crocca,,,plus_1_action,plus_1_free_[action]_action,magic,spellbook,,plus_1_die_[action],magic,spellcaster,,zombie_link,,https://static.wikia.nocookie.net/zombicide/images/7/70/GrandVizier.png
imperial_messenger,Imperial Messenger,La Compagnia Della Forca,healing,taunt,,,,plus_1_action,two_zones_move,,brother_in_arms_[game_effect],search_plus_1_card,plus_1_free_[action]_action,move,plus_1_free_[action]_action,search,born_leader,,https://static.wikia.nocookie.net/zombicide/images/3/3b/ImperialMessenger.png
rosencranz,Rosencranz,La Compagnia Della Forca,torch,lucky,,,,plus_1_action,plus_1_free_[action]_action,search,scavenger,,ambidextrous,,destiny,,lifesaver,,https://static.wikia.nocookie.net/zombicide/images/1/1b/Rosencranz.png
sir_crumb,Sir Crumb,La Compagnia Della Forca,shield,low_profile,,,,plus_1_action,brother_in_arms_[game_effect],plus_1_die_[action]:melee,iron_hide,,lifesaver,,lucky,,slippery,,https://static.wikia.nocookie.net/zombicide/images/d/d3/SirCrumb.png
sir_percy,Sir Percy,La Compagnia Della Forca,sword,starts_with_[equipment],sword,,,plus_1_action,plus_1_damage_[action],sword,plus_1_roll_[action],melee,plus_1_die_[action],melee,plus_1_free_[action]_action,combat,roll_6_plus_1_die_[action],melee,https://static.wikia.nocookie.net/zombicide/images/f/f9/SirPercy.png
the_sparrow,The Sparrow,La Compagnia Della Forca,sword,plus_1_damage_[action],sword,,,plus_1_action,spellcaster,,tactician,,plus_1_free_[action]_action,combat,reaper_[action],melee,slippery,,https://static.wikia.nocookie.net/zombicide/images/5/5a/TheSparrow.png
cord_dankwart,Cord Dankwart,Comic Book Extras (Road to Hell),great_sword,starts_with_[equipment],sword,plus_1_free_[action]_action,guard_action,plus_1_action,plus_1_roll_[action],melee,search_plus_1_card,,plus_1_free_[action]_action,combat,brother_in_arms_[game_effect],plus_1_roll_[action]:combat,tactician,,https://static.wikia.nocookie.net/zombicide/images/f/f2/CordDankwart.png
drakka,Drakka,Comic Book Extras (Road to Hell),great_axe,plus_1_die_[action],melee,guards_[skill],plus_1_roll_[action]:melee,plus_1_action,plus_1_free_[action]_action,melee,tough,,plus_1_damage_[action],melee,battle_rage,,born_leader,,https://static.wikia.nocookie.net/zombicide/images/7/73/Drakka.png
einar,Einar,Comic Book Extras (Road to Hell),disintegrate,plus_1_die_[action],magic,guards_[skill],steady_hand,plus_1_action,plus_1_free_[action]_action,magic,trick_shot,,frenzy_[action],magic,mana_rain,,spellcaster,,https://static.wikia.nocookie.net/zombicide/images/9/9e/Einar.png
freya,Freya,Comic Book Extras (Road to Hell),dagger,hold_your_nose,,guards_[skill],hit_run,plus_1_action,charge,,search_plus_1_card,,plus_1_free_[action]_action,melee,slippery,,sprint,,https://static.wikia.nocookie.net/zombicide/images/2/29/Freya.png
lewyn,Lewyn,Comic Book Extras (Road to Hell),lightning_bolt,spellbook,,guards_evade,,plus_1_action,plus_1_free_[action]_action,enchantment,point_blank,,plus_1_free_[action]_action,magic,plus_1_roll_[action],magic,double_casting,,https://static.wikia.nocookie.net/zombicide/images/f/f0/Lewyn.png
lotas,Lotas,Comic Book Extras (Road to Hell),sword,lucky,,guards_[skill],lucky,plus_1_action,trasform_werewolf,,,,,,,,,,https://static.wikia.nocookie.net/zombicide/images/6/69/Lotas.png
lotas_(werewolf),Lotas (Werewolf),Comic Book Extras (Road to Hell),sword,bloodlust_[action],melee,guards_[skill],damage_2_[action]:melee,plus_1_action,plus_1_free_[action]_action,melee,frenzy_[action],melee,regeneration,,sprint,,super_strength,,https://static.wikia.nocookie.net/zombicide/images/9/91/LotasWerewolf.png
marike,Marike,Comic Book Extras (Road to Hell),great_axe,barbarian,,guards_[skill],tough,plus_1_action,plus_1_roll_[action],melee,roll_6_plus_1_die_[action],combat,plus_1_free_[action]_action,combat,battle_rage,,frenzy_[action],melee,https://static.wikia.nocookie.net/zombicide/images/d/d9/Marike.png
neto_orash,Neto Orash,Comic Book Extras (Road to Hell),sword,born_leader,,guards_[skill],damage_2_[action]:ranged,plus_1_action,plus_1_roll_[action],melee,tactician,,plus_1_die_[action],melee,plus_1_free_[action]_action,melee,swordmaster,,https://static.wikia.nocookie.net/zombicide/images/8/87/NetoOrash.png
otto,Otto,Comic Book Extras (Road to Hell),sword,taunt,,guards_push,,plus_1_action,plus_1_die_[action],combat,is_that_all_youve_got,,plus_1_free_[action]_action,comabt,bloodlust_[action],melee,reaper_[action],melee,https://static.wikia.nocookie.net/zombicide/images/f/f6/Otto.png
otto_(armored),Otto (Armored),Comic Book Extras (Road to Hell),sword,iron_hide,,guards_evade,,plus_1_action,plus_1_free_[action]_action,melee,tough,,ironclad_[zombie],brute,shove,,super_strength,,https://static.wikia.nocookie.net/zombicide/images/2/25/OttoArmored.png
rainer,Rainer,Comic Book Extras (Road to Hell),war_bow,marksman,,guards_[skill],iron_rain,plus_1_action,point_blank,,tactician,,plus_1_damage_[action],ranged,plus_1_free_[action]_action,ranged,iron_rain,,https://static.wikia.nocookie.net/zombicide/images/f/f3/Rainer.png
dragomir,Dragomir,White Death,crossbow,plus_1_die_[action],ranged,guards_[skill],plus_1_max_range,plus_1_action,plus_1_free_[action]_action,ranged,range_plus_2_[skill],plus_1_damage_[action]:ranged,plus_1_roll_[action],ranged,escalation_[action],ranged,iron_hide,,https://static.wikia.nocookie.net/zombicide/images/a/ad/Dragomir_WD.png
dragomir_ee,Dragomir EE,White Death,crossbow_(chi),plus_1_die_[action],ranged,guards_[skill],plus_1_max_range,plus_1_action,plus_1_free_[action]_action,ranged,range_plus_2_[skill],plus_1_damage_[action]:ranged,plus_1_roll_[action],ranged,escalation_[action],ranged,iron_hide,,https://static.wikia.nocookie.net/zombicide/images/a/ad/Dragomir_WD.png
jenia,Jenia,White Death,horn_bow,plus_1_die_[action],ranged,guards_[skill],plus_1_max_range,plus_1_action,chi_[skill],plus_1_damage_[action]:ranged,plus_1_free_[action]_action,ranged,plus_1_roll_[action],ranged,iron_hide,,chi_[skill],iron_rain,https://static.wikia.nocookie.net/zombicide/images/9/91/Jenia_WD.png
jenia_ee,Jenia EE,White Death,horn_bow_(chi),plus_1_die_[action],ranged,guards_[skill],plus_1_max_range,plus_1_action,chi_[skill],plus_1_damage_[action]:ranged,plus_1_free_[action]_action,ranged,plus_1_roll_[action],ranged,iron_hide,,chi_[skill],iron_rain,https://static.wikia.nocookie.net/zombicide/images/9/91/Jenia_WD.png
lorna,Lorna,White Death,spear,search_2_cards,,plus_1_free_[action]_action,guard_action,plus_1_action,plus_1_die_[action],combat,plus_1_free_[action]_action,melee,plus_1_free_[action]_action,combat,plus_1_free_[action]_action,move,born_leader,,https://static.wikia.nocookie.net/zombicide/images/f/f3/Lorna_WD.png
lorna_ee,Lorna EE,White Death,spear,search_2_cards,,plus_1_free_[action]_action,guard_action,plus_1_action,plus_1_die_[action],combat,plus_1_free_[action]_action,melee,plus_1_free_[action]_action,combat,plus_1_free_[action]_action,move,born_leader,,https://static.wikia.nocookie.net/zombicide/images/f/f3/Lorna_WD.png
ogon,Ogon,White Death,combat_shield,search_2_cards,,plus_1_free_[action]_action,guard_action,plus_1_action,plus_1_free_[action]_action,melee,chi_[skill],plus_2_dice_[action]:combat,plus_1_free_[action]_action,combat,born_leader,,chi_[skill],hit_run,https://static.wikia.nocookie.net/zombicide/images/4/4b/Ogon_WD.png
ogon_ee,Ogon EE,White Death,combat_shield,search_2_cards,,plus_1_free_[action]_action,guard_action,plus_1_action,plus_1_free_[action]_action,melee,chi_[skill],plus_2_dice_[action]:combat,plus_1_free_[action]_action,combat,born_leader,,chi_[skill],hit_run,https://static.wikia.nocookie.net/zombicide/images/4/4b/Ogon_WD.png
sarnaï,Sarnaï,White Death,ice_storm,plus_1_free_[action]_action,move,guards_[skill],damage_2_[action]:ranged,plus_1_action,plus_1_die_[action],combat,freeze_[action],combat,plus_1_die_[action],combat,plus_1_free_[action]_action,combat,super_strength,,https://static.wikia.nocookie.net/zombicide/images/8/84/Sarnai_WD.png
sarnaï_ee,Sarnaï EE,White Death,ice_storm,plus_1_free_[action]_action,move,guards_[skill],damage_2_[action]:ranged,plus_1_action,plus_1_die_[action],combat,freeze_[action],combat,plus_1_die_[action],combat,plus_1_free_[action]_action,combat,super_strength,,https://static.wikia.nocookie.net/zombicide/images/8/84/Sarnai_WD.png
yasuke,Yasuke,White Death,katana,plus_1_free_[action]_action,move,guards_[skill],damage_2_[action]:ranged,plus_1_action,plus_1_die_[action],combat,freeze_[action],combat,chi_[skill],roll_6_plus_1_damage_[action]:combat,chi_[skill],roll_6_plus_1_dice_roll_[action]:combat,plus_1_free_[action]_action,combat,https://static.wikia.nocookie.net/zombicide/images/6/67/Yasuke_WD.png
yasuke_ee,Yasuke EE,White Death,katana_(chi),plus_1_free_[action]_action,move,guards_[skill],damage_2_[action]:ranged,plus_1_action,plus_1_die_[action],combat,freeze_[action],combat,chi_[skill],roll_6_plus_1_damage_[action]:combat,chi_[skill],roll_6_plus_1_dice_roll_[action]:combat,plus_1_free_[action]_action,combat,https://static.wikia.nocookie.net/zombicide/images/6/67/Yasuke_WD.png
fengbao,Fengbao,Eternal Empire,war_bow_(chi),chi_[skill],plus_2_dice_[action]:combat,guards_[skill],damage_2_[action]:ranged,plus_1_action,plus_1_free_[action]_action,ranged,hit_run,,plus_1_die_[action],ranged,plus_1_free_[action]_action,combat,marksman,,https://static.wikia.nocookie.net/zombicide/images/4/44/Fengbao_EE.png
jianrui,Jianrui,Eternal Empire,dragon_lance_(chi),chi_[skill],damage_2_[action]:combat,plus_1_free_[action]_action,guard_action,plus_1_action,plus_1_free_[action]_action,move,chi_[skill],plus_1_free_[action]_action:combat,plus_1_free_[action]_action,combat,plus_1_roll_[action],melee,plus_1_roll_[action],ranged,https://static.wikia.nocookie.net/zombicide/images/1/17/Jianrui_EE.png
shao,Shao,Eternal Empire,halberd_(chi),chi_[skill],jump,guards_evade,,plus_1_action,chi_[skill],plus_1_free_[action]_action:combat,shove,,chi_[skill],plus_1_roll_[action]:combat,plus_1_free_[action]_action,melee,plus_1_roll_[action],melee,https://static.wikia.nocookie.net/zombicide/images/7/76/Shao_EE.png
yinying,Yinying,Eternal Empire,dagger_(chi),chi_[skill],plus_1_free_[action]_action:melee,guards_[skill],damage_2_[action]:melee,plus_1_action,plus_1_roll_[action],melee,bloodlust_[action],melee,chi_[skill],plus_1_free_[action]_action:combat,sprint,,super_strength,,https://static.wikia.nocookie.net/zombicide/images/7/7c/Yinying_EE.png
zhi_shen,Zhi Shen,Eternal Empire,power_blast_(chi),chi_[skill],plus_1_free_[action]_action:magic,guards_[skill],plus_1_max_range,plus_1_action,chi_[skill],plus_1_damage_[action]:magic,spellcaster,,plus_1_die_[action],magic,plus_1_free_[action]_action,enchantment,plus_1_free_[action]_action,magic,https://static.wikia.nocookie.net/zombicide/images/9/97/ZhiShen_EE.png
zhi_yang,Zhi Yang,Eternal Empire,any_enchantment,chi_[skill],plus_1_roll_[action]:combat,guards_push,,plus_1_action,plus_1_free_[action]_action,combat,plus_1_free_[action]_action,move,plus_1_free_[action]_action,magic,plus_1_free_[action]_action,melee,plus_1_free_[action]_action,move,https://static.wikia.nocookie.net/zombicide/images/7/70/ZhiYang_EE.png
chang_e,Chang' E,Chang' E and Hou Yi Box,jump_(chi),jump,,guards_[skill],jump,plus_1_action,plus_1_free_[action]_action,magic,plus_1_free_[action]_action,move,escalation_[action],magic,freeze_[action],magic,sprint,,https://static.wikia.nocookie.net/zombicide/images/8/8e/ChangE.png
hou_yi,Hou Yi,Chang' E and Hou Yi Box,war_bow_(chi),plus_1_roll_[action],ranged,guards_[skill],damage_2_[action]:combat,plus_1_action,plus_1_free_[action]_action,ranged,roll_6_plus_1_damage_[action],ranged,plus_1_max_range,,escalation_[action],ranged,roll_6_plus_1_die_[action],combat,https://static.wikia.nocookie.net/zombicide/images/c/ce/HouYi.png
april_oneil,April O'Neil,TMNT Timecrash,aprils_harp,starts_with_[equipment],aprils_harp,plus_1_die_[action],magic,plus_1_action,plus_1_die_[action],magic,spellcaster,,plus_1_die_[action],magic,plus_1_free_[action]_action,combat,spellbook,,https://static.wikia.nocookie.net/zombicide/images/e/e9/AprilONeil.png
casey_jones,Casey Jones,TMNT Timecrash,caseys_hockey_stick,starts_with_[equipment],caseys_hockey_stick,improvised_weapon_[action],combat,plus_1_action,bloodlust_[action],melee,shove,,plus_1_damage_[action],melee,plus_1_free_[action]_action,combat,jump,,https://static.wikia.nocookie.net/zombicide/images/1/1b/CaseyJones.png
donatello,Donatello,TMNT Timecrash,donatellos_bo_staff,starts_with_[equipment],donatellos_bo_staff,transmutation,,plus_1_action,plus_1_free_[action]_action,melee,turtle_bonus_[skill],plus_2_dice_[action]:combat,plus_1_free_[action]_action,combat,plus_1_free_[action]_action,move,turtle_focus_plus_3_dice_combat,,https://static.wikia.nocookie.net/zombicide/images/5/5c/DonatelloFantasy.png
leonardo,Leonardo,TMNT Timecrash,leonardos_ninjatos,starts_with_[equipment],leonardos_ninjatos,brother_in_arms_[game_effect],plus_1_free_[action]_action:melee,plus_1_action,sprint,,turtle_bonus_[skill],plus_2_dice_[action]:combat,plus_1_free_[action]_action,move,plus_1_roll_[action],melee,turtle_focus_plus_2_dice_roll_combat,,https://static.wikia.nocookie.net/zombicide/images/8/8a/LeonardoFantasy.png
michelangelo,Michelangelo,TMNT Timecrash,michelangelos_nunchakus,starts_with_[equipment],michelangelos_nunchakus,taunt,,plus_1_action,bloodlust_[action],melee,turtle_bonus_[skill],plus_1_roll_[action]:combat,plus_1_free_[action]_action,combat,lucky,,turtle_focus_plus_3_dice_combat,,https://static.wikia.nocookie.net/zombicide/images/b/b7/MichelangeloFantasy.png
raphael,Raphael,TMNT Timecrash,raphaels_sai,starts_with_[equipment],raphaels_sai,plus_1_die_[action],melee,plus_1_action,bloodlust_[action],melee,turtle_bonus_[skill],damage_2_[action]:combat,plus_1_free_[action]_action,melee,barbarian,,turtle_focus_damage_3_combat,,https://static.wikia.nocookie.net/zombicide/images/7/7f/RaphaelFantasy.png
splinter,Splinter,TMNT Timecrash,splinters_cane,starts_with_[equipment],splinters_cane,hit_run,,plus_1_action,plus_1_damage_[action],melee,turtle_power_2_for_1,,plus_1_damage_[action],combat,plus_1_roll_[action],combat,one_free_turtle_power,,https://static.wikia.nocookie.net/zombicide/images/7/70/Splinter.png
jennika,Jennika,Jennika Box,jennikas_tekko_kagi,jump,,starts_with_[equipment],jennikas_tekko_kagi,plus_1_action,hit_run,,turtle_bonus_[skill],damage_2_[action]:combat,one_free_turtle_power,,reaper_[action],combat,roll_6_plus_1_damage_[action],combat,https://static.wikia.nocookie.net/zombicide/images/6/6d/Jennika.png
alghara_steel_sworn,Alghara Steel-Sworn,Frozen Fortress,dagger,slippery,,guards_evade,,plus_1_action,plus_1_free_[action]_action,melee,jump,,plus_1_damage_[action],melee,plus_1_free_[action]_action,move,plus_1_roll_[action],melee,https://static.wikia.nocookie.net/zombicide/images/0/0d/AlgharaSteelSworn_FR.png
andrea,Andrea,Frozen Fortress,dagger,plus_1_die_[action],melee,plus_1_free_[action]_action,guard_action,plus_1_action,plus_1_die_[action],melee,taunt,,plus_1_die_[action],combat,plus_1_free_[action]_action,melee,roll_6_plus_1_die_[action],melee,https://static.wikia.nocookie.net/zombicide/images/2/25/AndreaFantasy.png
artema,Artema,Frozen Fortress,dagger,iron_hide,,guards_[skill],marksman,plus_1_action,plus_1_free_[action]_action,move,damage_2_[action],melee,plus_1_free_[action]_action,combat,plus_1_roll_[action],melee,barbarian,,https://static.wikia.nocookie.net/zombicide/images/a/ab/Artema_FF.png
badang,Badang,Frozen Fortress,dagger,super_strength,,guards_[skill],damage_2_[action]:melee,plus_1_action,plus_1_die_[action],melee,tough,,plus_1_free_[action]_action,combat,plus_1_free_[action]_action,move,jump,,https://static.wikia.nocookie.net/zombicide/images/d/d6/Badang_FR.png
byakko_maru,Byakko-Maru,Frozen Fortress,dagger,bloodlust_[action],melee,guards_[skill],bloodlust_[action]:melee,plus_1_action,roll_6_plus_1_damage_[action],melee,escalation_[action],melee,plus_1_die_[action],melee,plus_1_free_[action]_action,melee,plus_1_free_[action]_action,move,https://static.wikia.nocookie.net/zombicide/images/d/d0/ByakkoMaru_FR.png
caishen_ye,Caishen Ye,Frozen Fortress,any_enchantment,can_search_more_than_once,,guards_[skill],lucky,plus_1_action,plus_1_free_[action]_action,magic,is_that_all_youve_got,,plus_1_free_[action]_action,magic,escalation_[action],magic,hoard,,https://static.wikia.nocookie.net/zombicide/images/b/bd/CaishenYe_FR.png
cao_ren,Cao Ren,Frozen Fortress,great_sword,shove,,guards_push,,plus_1_action,plus_1_free_[action]_action,melee,tough,,bloodlust_[action],melee,damage_2_[action],melee,iron_hide,,https://static.wikia.nocookie.net/zombicide/images/b/bc/CaoRen_FR.png
cirina_black_mantle,Cirina Black-Mantle,Frozen Fortress,any_enchantment,spellcaster,,guards_[skill],lucky,plus_1_action,plus_1_die_[action],magic,lucky,,plus_1_die_[action],magic,damage_2_[action],magic,freeze_[action],magic,https://static.wikia.nocookie.net/zombicide/images/f/fd/CirinaBlackMantle_FR.png
cristina,Cristina,Frozen Fortress,power_blast,spellcaster,,plus_1_free_[action]_action,guard_action,plus_1_action,plus_1_die_[action],magic,plus_1_free_[action]_action,magic,plus_1_die_[action],combat,plus_1_free_[action]_action,combat,marksman,,https://static.wikia.nocookie.net/zombicide/images/d/df/Cristina.png
da_qiao,Da Qiao,Frozen Fortress,any_combat_spell,plus_1_free_[action]_action,enchantment,plus_1_free_[action]_action,guard_action,plus_1_action,plus_1_free_[action]_action,magic,ironclad_[zombie],walker,plus_1_free_[action]_action,combat,plus_1_roll_[action],magic,ironclad_[zombie],runner,https://static.wikia.nocookie.net/zombicide/images/c/c6/DaQiao_FR.png
date_masamune,Date Masamune,Frozen Fortress,sword,escalation_[action],combat,plus_1_free_[action]_action,guard_action,plus_1_action,plus_1_die_[action],combat,plus_1_free_[action]_action,move,plus_1_free_[action]_action,combat,bloodlust_[action],melee,born_leader,,https://static.wikia.nocookie.net/zombicide/images/c/c2/DateMasamune_FR.png
dd,DD,Frozen Fortress,disintegrate,bloodlust_[action],melee,guards_[skill],bloodlust_[action]:melee,plus_1_action,plus_1_free_[action]_action,combat,lucky,,plus_1_die_[action],combat,plus_1_free_[action]_action,magic,plus_1_free_[action]_action,melee,https://static.wikia.nocookie.net/zombicide/images/6/68/DD.png
dian_wei,Dian Wei,Frozen Fortress,halberd,plus_1_damage_[action],melee,guards_[skill],damage_2_[action]:melee,plus_1_action,plus_1_free_[action]_action,melee,shove,,plus_1_free_[action]_action,combat,escalation_[action],melee,swordmaster,,https://static.wikia.nocookie.net/zombicide/images/0/0f/DianWei_FR.png
diao_chan,Diao Chan,Frozen Fortress,war_bow,taunt,,guards_[skill],damage_2_[action]:ranged,plus_1_action,plus_1_die_[action],ranged,plus_1_free_[action]_action,ranged,plus_1_die_[action],ranged,plus_1_free_[action]_action,ranged,marksman,,https://static.wikia.nocookie.net/zombicide/images/2/21/DiaoChan_FR.png
gan_ning,Gan Ning,Frozen Fortress,great_axe,jump,,guards_[skill],jump,plus_1_action,plus_1_free_[action]_action,move,hit_run,,plus_1_free_[action]_action,combat,plus_1_free_[action]_action,move,damage_2_[action],melee,https://static.wikia.nocookie.net/zombicide/images/6/61/GanNing_FR.png
genghis_khan,Genghis Khan,Frozen Fortress,any_shield,born_leader,,plus_1_free_[action]_action,guard_action,plus_1_action,plus_1_free_[action]_action,move,bloodlust_[action],melee,plus_1_free_[action]_action,melee,plus_1_free_[action]_action,move,plus_1_free_[action]_action,ranged,https://static.wikia.nocookie.net/zombicide/images/d/d0/GenghisKhan_FR.png
haya,Haya,Frozen Fortress,crossbow,plus_1_die_[action],combat,guards_[skill],damage_2_[action]:ranged,plus_1_action,plus_1_die_[action],ranged,plus_1_free_[action]_action,move,plus_1_free_[action]_action,combat,plus_1_max_range,,marksman,,https://static.wikia.nocookie.net/zombicide/images/d/d4/Haya_FR.png
honda_takadatsu,Honda Takadatsu,Frozen Fortress,any_polearm,lucky,,guards_evade,,plus_1_action,plus_1_free_[action]_action,move,hit_run,,plus_1_free_[action]_action,combat,plus_1_roll_[action],melee,regeneration,,https://static.wikia.nocookie.net/zombicide/images/2/28/HondaTakadatsu_FR.png
hong_var,Hong Var,Frozen Fortress,ice_storm,plus_1_die_[action],magic,guards_push,,plus_1_action,roll_6_plus_1_damage_[action],magic,spellcaster,,plus_1_free_[action]_action,magic,plus_1_roll_[action],magic,spellbook,,https://static.wikia.nocookie.net/zombicide/images/0/06/HongVar_FF.png
hua_mulan,Hua Mulan,Frozen Fortress,sword,jump,,guards_[skill],lucky,plus_1_action,plus_1_free_[action]_action,melee,plus_1_free_[action]_action,move,plus_1_free_[action]_action,melee,plus_1_free_[action]_action,move,plus_1_free_[action]_action,ranged,https://static.wikia.nocookie.net/zombicide/images/a/a3/HuaMulan_FR.png
huang_gai,Huang Gai,Frozen Fortress,great_sword,damage_2_[action],melee,guards_[skill],damage_2_[action]:melee,plus_1_action,plus_1_free_[action]_action,melee,escalation_[action],melee,plus_1_free_[action]_action,melee,bloodlust_[action],melee,shove,,
huang_zhong,Huang Zhong,Frozen Fortress,war_bow,plus_1_free_[action]_action,ranged,guards_[skill],plus_1_max_range,plus_1_action,plus_1_die_[action],ranged,marksman,,plus_1_free_[action]_action,combat,plus_1_roll_[action],ranged,escalation_[action],ranged,
ichiro,Ichiro,Frozen Fortress,sword,slippery,,guards_evade,,plus_1_action,plus_1_roll_[action],melee,plus_1_free_[action]_action,move,plus_1_die_[action],combat,plus_1_free_[action]_action,combat,plus_1_free_[action]_action,move,https://static.wikia.nocookie.net/zombicide/images/c/c7/Ichiro_FR.png
inugami,Inugami,Frozen Fortress,sword,regeneration,,guards_[skill],plus_1_roll_[action]:melee,plus_1_action,plus_1_free_[action]_action,melee,plus_1_free_[action]_action,move,plus_1_free_[action]_action,combat,damage_2_[action],melee,escalation_[action],melee,
jade_empress,Jade Empress,Frozen Fortress,jump,plus_1_free_[action]_action,search,guards_[skill],freeze_[action]:melee,plus_1_action,plus_1_roll_[action],melee,hoard,,plus_1_free_[action]_action,combat,plus_1_die_[action],combat,plus_1_free_[action]_action,move,https://static.wikia.nocookie.net/zombicide/images/8/81/JadeEmpress_FF.png
jie_ke,Jie Ke,Frozen Fortress,any_enchantment,lucky,,guards_push,,plus_1_action,plus_1_roll_[action],melee,jump,,plus_1_free_[action]_action,combat,bloodlust_[action],combat,spellcaster,,https://static.wikia.nocookie.net/zombicide/images/2/20/JieKe_FR.png
jiraiya,Jiraiya,Frozen Fortress,dagger,jump,,guards_push,,plus_1_action,plus_1_free_[action]_action,magic,plus_1_free_[action]_action,melee,plus_1_die_[action],combat,plus_1_free_[action]_action,combat,lucky,,https://static.wikia.nocookie.net/zombicide/images/d/d2/Jiraiya_FR.png
kido_maru,Kido-Maru,Frozen Fortress,sword,plus_1_free_[action]_action,melee,guards_[skill],bloodlust_[action]:melee,plus_1_action,plus_1_die_[action],melee,swordmaster,,plus_1_die_[action],combat,plus_1_free_[action]_action,melee,taunt,,https://static.wikia.nocookie.net/zombicide/images/3/31/KidoMaru_FR.png
kodai_in,Kodai-In,Frozen Fortress,sword,jump,,guards_[skill],damage_2_[action]:melee,plus_1_action,born_leader,,damage_2_[action],melee,plus_1_free_[action]_action,melee,plus_1_roll_[action],melee,escalation_[action],melee,https://static.wikia.nocookie.net/zombicide/images/d/da/KodaiIn_FF.png
komatsuhime,Komatsuhime,Frozen Fortress,war_bow,freeze_[action],ranged,guards_[skill],plus_1_max_range,plus_1_action,plus_1_free_[action]_action,ranged,plus_1_max_range,,plus_1_die_[action],ranged,plus_1_free_[action]_action,ranged,escalation_[action],ranged,
kotahi,Kotahi,Frozen Fortress,combat_shield,taunt,,guards_[skill],lucky,plus_1_action,plus_1_free_[action]_action,move,roll_6_plus_1_damage_[action],melee,plus_1_free_[action]_action,combat,escalation_[action],melee,jump,,
kurokage_maru,Kurokage-Maru,Frozen Fortress,katana,damage_2_[action],melee,guards_[skill],damage_2_[action]:melee,plus_1_action,plus_1_free_[action]_action,melee,plus_1_roll_[action],melee,plus_1_free_[action]_action,melee,hit_run,,roll_6_plus_1_damage_[action],melee,https://static.wikia.nocookie.net/zombicide/images/7/77/KurokageMaru_FF.png
lakshmana,Lakshmana,Frozen Fortress,war_bow,brother_in_arms_[game_effect],plus_1_free_[action]_action:ranged,guards_[skill],plus_1_max_range,plus_1_action,brother_in_arms_[game_effect],plus_1_roll_[action]:ranged,damage_2_[action],ranged,plus_1_die_[action],combat,plus_1_free_[action]_action,combat,shove,,https://static.wikia.nocookie.net/zombicide/images/7/7e/Lakshmana_FR.png
lapu_lapu,Lapu Lapu,Frozen Fortress,sword,shove,,guards_push,,plus_1_action,plus_1_free_[action]_action,melee,taunt,,plus_1_free_[action]_action,combat,escalation_[action],melee,freeze_[action],combat,
lu_bu,Lu Bu,Frozen Fortress,halberd,plus_1_die_[action],combat,guards_[skill],plus_1_damage_[action]:combat,plus_1_action,plus_1_free_[action]_action,melee,plus_1_free_[action]_action,ranged,plus_1_free_[action]_action,combat,roll_6_plus_1_die_[action],melee,roll_6_plus_1_die_[action],ranged,https://static.wikia.nocookie.net/zombicide/images/d/d7/LuBu_FR.png
ma_chao,Ma Chao,Frozen Fortress,guisarme,plus_1_free_[action]_action,move,guards_[skill],plus_1_zone_move,plus_1_action,plus_1_free_[action]_action,melee,charge,,plus_1_free_[action]_action,combat,plus_1_roll_[action],combat,roll_6_plus_1_die_[action],melee,
maeda_matsu,Maeda Matsu,Frozen Fortress,great_sword,sprint,,guards_[skill],plus_1_zone_move,plus_1_action,plus_1_free_[action]_action,melee,spellcaster,,plus_1_die_[action],combat,plus_1_free_[action]_action,combat,spellbook,,
maki,Maki,Frozen Fortress,great_axe,taunt,,guards_[skill],damage_2_[action]:melee,plus_1_action,plus_1_free_[action]_action,melee,roll_6_plus_1_damage_[action],melee,plus_1_free_[action]_action,combat,plus_1_roll_[action],melee,escalation_[action],melee,https://static.wikia.nocookie.net/zombicide/images/9/93/MakiFantasy.png
marquis_of_mao,Marquis of Mao,Frozen Fortress,dagger,improvised_weapon_[action],melee,guards_evade,,plus_1_action,plus_1_die_[action],melee,plus_1_free_[action]_action,move,plus_1_free_[action]_action,combat,damage_2_[action],melee,jump,,
meili,Meili,Frozen Fortress,horn_bow,hit_run,,guards_[skill],plus_1_max_range,plus_1_action,plus_1_free_[action]_action,ranged,point_blank,,plus_1_free_[action]_action,combat,plus_1_free_[action]_action,move,damage_2_[action],ranged,
midoriko,Midoriko,Frozen Fortress,any_enchantment,shove,,guards_evade,,plus_1_action,lucky,,spellcaster,,plus_1_free_[action]_action,combat,plus_1_free_[action]_action,enchantment,plus_1_free_[action]_action,move,
miyamoto_musashi,Miyamoto Musashi,Frozen Fortress,dagger,plus_1_roll_[action],melee,starts_with_[equipment],katana,plus_1_action,plus_1_free_[action]_action,melee,lucky,,plus_1_free_[action]_action,melee,plus_1_roll_[action],melee,hit_run,,
mu_guiying,Mu Guiying,Frozen Fortress,any_enchantment,plus_1_free_[action]_action,melee,guards_push,,plus_1_action,plus_1_free_[action]_action,magic,plus_1_free_[action]_action,melee,plus_1_die_[action],combat,plus_1_free_[action]_action,combat,plus_1_roll_[action],combat,https://static.wikia.nocookie.net/zombicide/images/1/12/MuGuiying_FF.png
nezha,Nezha,Frozen Fortress,sprint,jump,,guards_[skill],jump,plus_1_action,plus_1_free_[action]_action,melee,plus_1_roll_[action],ranged,plus_1_die_[action],combat,plus_1_free_[action]_action,combat,plus_1_free_[action]_action,move,https://static.wikia.nocookie.net/zombicide/images/b/b9/Nezha_FR.png
ohori_tsuruhime,Ohori Tsuruhime,Frozen Fortress,war_bow,reaper_[action],ranged,guards_[skill],plus_1_max_range,plus_1_action,plus_1_roll_[action],ranged,escalation_[action],ranged,plus_1_free_[action]_action,combat,plus_1_free_[action]_action,move,lucky,,
okuni,Okuni,Frozen Fortress,any_enchantment,slippery,,plus_1_free_[action]_action,guard_action,plus_1_action,plus_1_free_[action]_action,move,brother_in_arms_[game_effect],roll_6_plus_1_damage_[action]:combat,plus_1_free_[action]_action,combat,brother_in_arms_[game_effect],plus_1_roll_[action]:combat,spellbook,,https://static.wikia.nocookie.net/zombicide/images/f/f7/Okuni_FF.png
rajaraja_chola,Rajaraja Chola,Frozen Fortress,sword,born_leader,,plus_1_free_[action]_action,guard_action,plus_1_action,plus_1_free_[action]_action,melee,shove,,plus_1_free_[action]_action,melee,plus_1_roll_[action],melee,bloodlust_[action],melee,https://static.wikia.nocookie.net/zombicide/images/a/a2/RajarajaChola.png
rama,Rama,Frozen Fortress,war_bow,roll_6_plus_1_die_[action],ranged,guards_[skill],damage_2_[action]:ranged,plus_1_action,plus_1_roll_[action],ranged,roll_6_plus_1_damage_[action],ranged,plus_1_free_[action]_action,combat,plus_1_max_range,,hit_run,,https://static.wikia.nocookie.net/zombicide/images/f/f1/Rama.png
rebecca,Rebecca,Frozen Fortress,any_enchantment,choose_any_skill,,guards_[skill],freeze_[action]:melee,plus_1_action,plus_1_free_[action]_action,melee,freeze_[action],melee,plus_1_free_[action]_action,combat,plus_1_free_[action]_action,move,lifesaver,,https://static.wikia.nocookie.net/zombicide/images/8/8d/Rebecca_FR.png
renart,Renart,Frozen Fortress,power_blast,slippery,,guards_evade,,plus_1_action,plus_1_roll_[action],magic,spellcaster,,plus_1_free_[action]_action,move,roll_6_plus_1_damage_[action],magic,roll_6_plus_1_die_[action],magic,https://static.wikia.nocookie.net/zombicide/images/c/cc/Renart_FF.png
richard,Richard,Frozen Fortress,war_bow,plus_1_die_[action],ranged,guards_[skill],damage_2_[action]:ranged,plus_1_action,plus_1_free_[action]_action,ranged,damage_2_[action],ranged,plus_1_free_[action]_action,combat,plus_1_max_range,,iron_rain,,https://static.wikia.nocookie.net/zombicide/images/f/f0/Richard.png
saika_magicoichi,Saika magicoichi,Frozen Fortress,horn_bow,plus_1_max_range,,guards_[skill],plus_1_max_range,plus_1_action,plus_1_free_[action]_action,ranged,roll_6_plus_1_damage_[action],ranged,plus_1_free_[action]_action,combat,hit_run,,lucky,,
sanada_yukimura,Sanada Yukimura,Frozen Fortress,halberd,barbarian,,guards_[skill],reach,plus_1_action,plus_1_free_[action]_action,melee,roll_6_plus_1_die_[action],combat,plus_1_free_[action]_action,combat,plus_1_roll_[action],melee,lucky,,
sarana_far_sight,Sarana Far-Sight,Frozen Fortress,horn_bow,plus_1_max_range,,guards_[skill],plus_1_max_range,plus_1_action,plus_1_free_[action]_action,ranged,brother_in_arms_[game_effect],plus_1_free_[action]_action:combat,plus_1_damage_[action],ranged,plus_1_roll_[action],ranged,roll_6_plus_1_die_[action],ranged,
sha_wujing,Sha Wujing,Frozen Fortress,any_enchantment,hoard,,guards_push,,plus_1_action,plus_1_free_[action]_action,melee,plus_1_free_[action]_action,move,plus_1_free_[action]_action,combat,plus_1_free_[action]_action,enchantment,bloodlust_[action],melee,
she_saihua,She Saihua,Frozen Fortress,any_combat_spell,plus_1_die_[action],magic,plus_1_free_[action]_action,guard_action,plus_1_action,roll_6_plus_1_die_[action],magic,spellcaster,,plus_1_free_[action]_action,magic,plus_1_roll_[action],magic,hit_run,,
sun_quan,Sun Quan,Frozen Fortress,sword,reaper_[action],melee,guards_[skill],damage_2_[action]:melee,plus_1_action,plus_1_free_[action]_action,melee,damage_2_[action],melee,plus_1_die_[action],combat,plus_1_free_[action]_action,combat,barbarian,,
sun_tzu,Sun Tzu,Frozen Fortress,any_combat_spell,brother_in_arms_[game_effect],plus_1_free_[action]_action:combat,plus_1_free_[action]_action,guard_action,plus_1_action,brother_in_arms_[game_effect],spellcaster,lucky,,plus_1_free_[action]_action,combat,plus_1_free_[action]_action,move,roll_6_plus_1_die_[action],combat,
sun_wukong,Sun Wukong,Frozen Fortress,any_polearm,sprint,,guards_evade,,plus_1_action,plus_1_free_[action]_action,move,jump,,plus_1_free_[action]_action,combat,lucky,,super_strength,,https://static.wikia.nocookie.net/zombicide/images/7/79/SunWukong_FF.png
suzuka_gozen,Suzuka Gozen,Frozen Fortress,sword,slippery,,guards_evade,,plus_1_action,plus_1_free_[action]_action,move,reaper_[action],melee,plus_1_free_[action]_action,combat,plus_1_zone_move,,spellcaster,,
tang_sanzang,Tang Sanzang,Frozen Fortress,any_combat_spell,damage_2_[action],magic,guards_push,,plus_1_action,escalation_[action],magic,spellbook,,plus_1_roll_[action],combat,lucky,,spellcaster,,
the_young_phoenix,The Young Phoenix,Frozen Fortress,,,,,,,,,,,,,,,,,
tomoe_gozen,Tomoe Gozen,Frozen Fortress,sprint,plus_1_die_[action],combat,guards_[skill],lucky,plus_1_action,plus_1_free_[action]_action,move,swordmaster,,plus_1_die_[action],combat,plus_1_free_[action]_action,combat,roll_6_plus_1_die_[action],combat,https://static.wikia.nocookie.net/zombicide/images/5/5c/TomoeGozen_FF.png
uesugi_aya,Uesugi Aya,Frozen Fortress,any_enchantment,spellbook,,guards_push,,plus_1_action,plus_1_die_[action],magic,spellcaster,,plus_1_free_[action]_action,combat,damage_2_[action],magic,double_casting,,
wei_yan,Wei Yan,Frozen Fortress,halberd,taunt,,guards_[skill],damage_2_[action]:melee,plus_1_action,barbarian,,plus_1_free_[action]_action,melee,plus_1_free_[action]_action,combat,escalation_[action],melee,roll_6_plus_1_damage_[action],melee,
xiahou_yuan,Xiahou Yuan,Frozen Fortress,war_bow,plus_1_free_[action]_action,move,guards_[skill],plus_1_zone_move,plus_1_action,plus_1_free_[action]_action,ranged,damage_2_[action],ranged,plus_1_free_[action]_action,combat,plus_1_roll_[action],ranged,escalation_[action],ranged,
xu_chu,Xu Chu,Frozen Fortress,great_axe,shove,,guards_push,,plus_1_action,plus_1_damage_[action],melee,roll_6_plus_1_die_[action],melee,plus_1_free_[action]_action,combat,barbarian,,lucky,,
yi_sun_sin,Yi Sun-Sin,Frozen Fortress,sword,tough,,guards_[skill],damage_2_[action]:ranged,plus_1_action,hit_run,,roll_6_plus_1_damage_[action],melee,plus_1_free_[action]_action,combat,brother_in_arms_[game_effect],ironclad_[zombie]:abomination,born_leader,,https://static.wikia.nocookie.net/zombicide/images/8/81/YiSunSin_FR.png
zhao_yun,Zhao Yun,Frozen Fortress,any_polearm,bloodlust_[action],melee,close_quarter_master,,plus_1_action,plus_1_die_[action],melee,reaper_[action],melee,plus_1_die_[action],combat,plus_1_free_[action]_action,combat,plus_1_free_[action]_action,guard_action,
zuo_ci,Zuo Ci,Frozen Fortress,sprint,spellbook,,guards_evade,,plus_1_action,escalation_[action],magic,spellcaster,,plus_1_free_[action]_action,magic,plus_1_roll_[action],magic,roll_6_plus_1_damage_[action],magic,
miyamoto_usagi,Miyamoto Usagi,Usagi Yojimbo Box,katana,plus_1_roll_[action],melee,starts_with_[equipment],katana,plus_1_action,hit_run,,jump,,plus_1_damage_[action],melee,plus_1_free_[action]_action,combat,plus_1_free_[action]_action,move,https://static.wikia.nocookie.net/zombicide/images/6/61/MiyamotoUsagi.png
alrakis,Alrakis,Celestial Knights,only_armor,iron_hide,,,,plus_1_action,plus_1_free_[action]_action,melee,bloodlust_[action],melee,plus_1_free_[action]_action,combat,roll_6_plus_1_die_[action],melee,shove,,
avenging_princess_stellar,Avenging Princess Stellar,Celestial Knights,only_armor,born_leader,,,,plus_1_action,brother_in_arms_[game_effect],plus_1_free_[action]_action:combat,hit_run,,plus_1_action,,plus_1_roll_[action],combat,brother_in_arms_[game_effect],escalation_[action]:combat,
eridan,Eridan,Celestial Knights,only_armor,taunt,,,,plus_1_action,plus_1_free_[action]_action,magic,roll_6_plus_1_damage_[action],magic,plus_1_free_[action]_action,combat,plus_1_roll_[action],magic,spellcaster,,
markan,Markan,Celestial Knights,only_armor,plus_1_die_[action],melee,,,plus_1_action,plus_1_die_[action],melee,plus_1_free_[action]_action,melee,plus_1_die_[action],melee,plus_1_free_[action]_action,combat,barbarian,,
mirak,Mirak,Celestial Knights,only_armor,lifesaver,,,,plus_1_action,plus_1_free_[action]_action,melee,escalation_[action],melee,plus_1_free_[action]_action,combat,close_quarter_master,,super_strength,,
sadir,Sadir,Celestial Knights,only_armor,roll_6_plus_1_damage_[action],ranged,,,plus_1_action,plus_1_free_[action]_action,ranged,slippery,,plus_1_free_[action]_action,combat,plus_1_max_range,,plus_1_roll_[action],ranged,
homare,Homare,Virtues of Bushido,katana,shove,,guards_push,,plus_1_action,plus_1_die_[action],combat,plus_1_free_[action]_action,combat,plus_1_die_[action],combat,plus_1_free_[action]_action,melee,plus_1_free_[action]_action,move,
isamu,Isamu,Virtues of Bushido,katana,damage_2_[action],melee,guards_[skill],damage_2_[action]:melee,plus_1_action,plus_1_die_[action],melee,plus_1_free_[action]_action,melee,plus_1_free_[action]_action,combat,roll_6_plus_1_damage_[action],melee,shove,,
jin,Jin,Virtues of Bushido,katana,plus_1_free_[action]_action,move,guards_evade,,plus_1_action,plus_1_free_[action]_action,melee,hit_run,,plus_1_free_[action]_action,combat,escalation_[action],melee,jump,,
makoto,Makoto,Virtues of Bushido,katana,hold_your_nose,,plus_1_free_[action]_action,guard_action,plus_1_action,plus_1_free_[action]_action,melee,is_that_all_youve_got,,plus_1_free_[action]_action,combat,jump,,lucky,,
rei,Rei,Virtues of Bushido,katana,plus_1_roll_[action],melee,guards_[skill],damage_2_[action]:melee,plus_1_action,plus_1_die_[action],melee,swordmaster,,plus_1_die_[action],melee,plus_1_free_[action]_action,melee,bloodlust_[action],melee,
tadashi,Tadashi,Virtues of Bushido,katana,marksman,,guards_[skill],damage_2_[action]:ranged,plus_1_action,plus_1_free_[action]_action,melee,plus_1_free_[action]_action,ranged,plus_1_free_[action]_action,combat,damage_2_[action],melee,damage_2_[action],ranged,
yoshitada,Yoshitada,Virtues of Bushido,katana,escalation_[action],melee,plus_1_free_[action]_action,guard_action,plus_1_action,plus_1_free_[action]_action,melee,roll_6_plus_1_die_[action],melee,plus_1_die_[action],combat,plus_1_free_[action]_action,combat,brother_in_arms_[game_effect],plus_1_free_[action]_action:combat,
cao_cao,Cao Cao,Warlords of the Middle Kingdom,dagger,zombie_link,,guards_evade,,plus_1_action,plus_1_free_[action]_action,melee,taunt,,plus_1_die_[action],combat,plus_1_free_[action]_action,melee,hit_run,,https://static.wikia.nocookie.net/zombicide/images/7/70/CaoCao_WMK.png
guan_yu,Guan Yu,Warlords of the Middle Kingdom,guisarme,plus_1_die_[action],melee,guards_[skill],damage_2_[action]:melee,plus_1_action,plus_1_free_[action]_action,melee,escalation_[action],melee,plus_1_free_[action]_action,combat,plus_1_roll_[action],melee,damage_2_[action],melee,
liu_bei,Liu Bei,Warlords of the Middle Kingdom,sword,brother_in_arms_[game_effect],plus_1_free_[action]_action:combat,plus_1_free_[action]_action,guard_action,plus_1_action,plus_1_free_[action]_action,melee,shove,,plus_1_free_[action]_action,combat,brother_in_arms_[game_effect],plus_1_roll_[action]:combat,roll_6_plus_1_damage_[action],combat,
sima_yi,Sima Yi,Warlords of the Middle Kingdom,jump,slippery,,guards_[skill],plus_1_max_range,plus_1_action,plus_1_die_[action],magic,plus_1_free_[action]_action,move,plus_1_free_[action]_action,combat,spellbook,,spellcaster,,
sun_jian,Sun Jian,Warlords of the Middle Kingdom,great_sword,bloodlust_[action],melee,plus_1_free_[action]_action,guard_action,plus_1_action,plus_1_die_[action],melee,hit_run,,plus_1_die_[action],melee,plus_1_free_[action]_action,melee,damage_2_[action],melee,
zhang_fei,Zhang Fei,Warlords of the Middle Kingdom,halberd,shove,,guards_push,,plus_1_action,plus_1_free_[action]_action,melee,damage_2_[action],melee,plus_1_free_[action]_action,melee,roll_6_plus_1_die_[action],melee,sprint,,
zhou_yu,Zhou Yu,Warlords of the Middle Kingdom,sword,freeze_[action],melee,guards_[skill],plus_1_zone_move,plus_1_action,plus_1_free_[action]_action,move,damage_2_[action],melee,plus_1_free_[action]_action,combat,plus_1_roll_[action],melee,hit_run,,
zhuge_liang,Zhuge Liang,Warlords of the Middle Kingdom,power_blast,spellbook,,guards_push,,plus_1_action,lucky,,spellcaster,,plus_1_free_[action]_action,enchantment,plus_1_free_[action]_action,magic,plus_1_free_[action]_action,melee,
akechi_mitsuhide,Akechi Mitsuhide,Warlords of the Rising Sun,war_bow,plus_1_die_[action],ranged,guards_[skill],plus_1_max_range,plus_1_action,plus_1_free_[action]_action,combat,damage_2_[action],ranged,plus_1_free_[action]_action,ranged,escalation_[action],ranged,point_blank,,
hattori_hanzo,Hattori Hanzo,Warlords of the Rising Sun,dagger,reaper_[action],melee,guards_[skill],damage_2_[action]:melee,plus_1_action,escalation_[action],melee,hit_run,,plus_1_free_[action]_action,combat,jump,,roll_6_plus_1_damage_[action],melee,
ishida_mitsunari,Ishida Mitsunari,Warlords of the Rising Sun,repulse,can_search_more_than_once,,guards_push,,plus_1_action,plus_1_free_[action]_action,magic,spellbook,,plus_1_free_[action]_action,melee,plus_1_free_[action]_action,move,freeze_[action],magic,
oda_nobunaga,Oda Nobunaga,Warlords of the Rising Sun,katana,born_leader,,plus_1_free_[action]_action,guard_action,plus_1_action,plus_1_die_[action],combat,brother_in_arms_[game_effect],plus_1_free_[action]_action:combat,plus_1_free_[action]_action,move,plus_1_roll_[action],melee,brother_in_arms_[game_effect],escalation_[action]:combat,
takeda_shingen,Takeda Shingen,Warlords of the Rising Sun,katana,plus_1_die_[action],combat,plus_1_free_[action]_action,guard_action,plus_1_action,plus_1_free_[action]_action,move,escalation_[action],combat,plus_1_free_[action]_action,combat,hit_run,,ironclad_[zombie],walker,
tokugawa_ieyasu,Tokugawa Ieyasu,Warlords of the Rising Sun,power_blast,lucky,,guards_push,,plus_1_action,bloodlust_[action],combat,slippery,,plus_1_free_[action]_action,combat,roll_6_plus_1_damage_[action],combat,slippery,,
toyotomi_hideyoshi,Toyotomi Hideyoshi,Warlords of the Rising Sun,great_sword,born_leader,,plus_1_free_[action]_action,guard_action,plus_1_action,plus_1_free_[action]_action,move,shove,,plus_1_free_[action]_action,combat,bloodlust_[action],melee,taunt,,
uesugi_kenshin,Uesugi Kenshin,Warlords of the Rising Sun,katana,once_per_turn_[skill],roll_1_equals_6,guards_[skill],roll_1_equals_6,plus_1_action,lucky,,roll_6_plus_1_die_[action],combat,plus_1_free_[action]_action,combat,roll_6_plus_1_damage_[action],combat,spellcaster,,
eileen,Eileen,B-Sieged Crossover Pack,longbow,plus_1_roll_[action],ranged,,,plus_1_action,plus_1_die_[action],ranged,marksman,,plus_1_damage_[action],ranged,plus_1_free_[action]_action,combat,plus_1_free_[action]_action,move,https://static.wikia.nocookie.net/zombicide/images/4/43/Eileen.png
kador,Kador,B-Sieged Crossover Pack,torch,spellbook,,,,plus_1_action,plus_1_free_[action]_action,enchantment,plus_1_free_[action]_action,magic,plus_1_free_[action]_action,combat,plus_1_roll_[action],magic,spellcaster,,https://static.wikia.nocookie.net/zombicide/images/4/48/Kador.png
lugh,Lugh,B-Sieged Crossover Pack,hammer,reaper_[action],melee,,,plus_1_action,plus_1_free_[action]_action,melee,iron_hide,,plus_1_die_[action],combat,plus_1_free_[action]_action,combat,super_strength,,https://static.wikia.nocookie.net/zombicide/images/7/74/Lugh.png
myrinia,Myrinia,B-Sieged Crossover Pack,dagger,plus_1_free_[action]_action,search,,,plus_1_action,plus_1_die_[action],combat,plus_1_free_[action]_action,melee,plus_1_free_[action]_action,combat,hit_run,,zombie_link,,https://static.wikia.nocookie.net/zombicide/images/b/b8/Myrinia.png
orobox,Orobox,B-Sieged Crossover Pack,axe,plus_1_damage_[action],melee,,,plus_1_action,frenzy_[action],combat,shove,,plus_1_free_[action]_action,combat,plus_1_roll_[action],combat,bloodlust_[action],melee,https://static.wikia.nocookie.net/zombicide/images/5/5a/Orobox.png
osvith,Osvith,B-Sieged Crossover Pack,shield,plus_1_die_[action],melee,,,plus_1_action,plus_1_roll_[action],melee,lifesaver,,plus_1_damage_[action],melee,plus_1_free_[action]_action,combat,bloodlust_[action],combat,https://static.wikia.nocookie.net/zombicide/images/8/8a/Osvith.png
bjorn_bs,Bjorn BS,B-Sieged Crossover Pack,shield,tough,,,,plus_1_action,plus_1_roll_[action],melee,reaper_[action],melee,plus_1_die_[action],melee,plus_1_free_[action]_action,combat,iron_hide,,https://static.wikia.nocookie.net/zombicide/images/1/1a/BjornBS.png
khaz_magichur,Khaz Magichur,B-Sieged Crossover Pack,crossbow,plus_1_max_range,,,,plus_1_action,plus_1_die_[action],ranged,plus_1_roll_[action],ranged,plus_1_damage_[action],ranged,plus_1_free_[action]_action,combat,iron_rain,,https://static.wikia.nocookie.net/zombicide/images/3/36/KhazMaghur.png
ajax,Ajax,Massive Darkness Crossover Pack,dragon_bile,plus_1_damage_[action],magic,,,plus_1_action,plus_1_die_[action],magic,slippery,,plus_1_free_[action]_action,combat,plus_1_roll_[action],magic,regeneration,,https://static.wikia.nocookie.net/zombicide/images/c/c0/Ajax.png
azrael,Azrael,Massive Darkness Crossover Pack,dagger,born_leader,,,,plus_1_action,plus_1_free_[action]_action,move,plus_1_roll_[action],melee,plus_1_damage_[action],melee,plus_1_free_[action]_action,combat,iron_hide,,https://static.wikia.nocookie.net/zombicide/images/f/fa/Azrael.png
bjorn_md,Bjorn MD,Massive Darkness Crossover Pack,short_bow,bloodlust_[action],melee,,,plus_1_action,plus_1_damage_[action],melee,plus_1_free_[action]_action,melee,plus_1_free_[action]_action,combat,plus_1_roll_[action],melee,shove,,https://static.wikia.nocookie.net/zombicide/images/2/28/BjornMassiveDarkness.png
elias,Elias,Massive Darkness Crossover Pack,torch,plus_1_free_[action]_action,magic,,,plus_1_action,plus_1_die_[action],magic,spellbook,,plus_1_die_[action],combat,plus_1_roll_[action],combat,spellcaster,,https://static.wikia.nocookie.net/zombicide/images/2/20/Elias.png
lilned,Lil'Ned,Massive Darkness Crossover Pack,hammer,reaper_[action],melee,,,plus_1_action,plus_1_damage_[action],melee,shove,,plus_1_free_[action]_action,melee,plus_1_roll_[action],melee,frenzy_[action],melee,https://static.wikia.nocookie.net/zombicide/images/0/08/LilNed.png
malleus,Malleus,Massive Darkness Crossover Pack,healing,bloodlust_[action],magic,,,plus_1_action,plus_1_die_[action],combat,spellbook,,plus_1_free_[action]_action,combat,lucky,,spellcaster,,https://static.wikia.nocookie.net/zombicide/images/9/95/Malleus.png
mila,Mila,Massive Darkness Crossover Pack,short_bow,shove,,,,plus_1_action,plus_1_roll_[action],melee,bloodlust_[action],melee,plus_1_damage_[action],melee,plus_1_free_[action]_action,combat,jump,,https://static.wikia.nocookie.net/zombicide/images/e/e8/Mila.png
moira,Moira,Massive Darkness Crossover Pack,torch,plus_1_roll_[action],magic,,,plus_1_action,plus_1_free_[action]_action,magic,hit_run,,plus_1_damage_[action],magic,roll_6_plus_1_die_[action],magic,zombie_link,,https://static.wikia.nocookie.net/zombicide/images/b/b5/Moira.png
myriam,Myriam,Massive Darkness Crossover Pack,speed,point_blank,,,,plus_1_action,hit_run,,spellcaster,,plus_1_free_[action]_action,combat,plus_1_max_range,,iron_hide,,https://static.wikia.nocookie.net/zombicide/images/d/d5/Myriam.png
ostara,Ostara,Massive Darkness Crossover Pack,shield,reaper_[action],melee,,,plus_1_action,bloodlust_[action],melee,iron_hide,,plus_1_free_[action]_action,combat,plus_1_roll_[action],melee,shove,,https://static.wikia.nocookie.net/zombicide/images/7/74/OstaraMassiveDarkness.png
owen,Owen,Massive Darkness Crossover Pack,shield,iron_hide,,,,plus_1_action,plus_1_free_[action]_action,melee,taunt,,plus_1_free_[action]_action,combat,regeneration,,zombie_link,,https://static.wikia.nocookie.net/zombicide/images/d/db/Owen.png
sarah,Sarah,Massive Darkness Crossover Pack,dagger,lifesaver,,,,plus_1_action,plus_1_free_[action]_action,melee,hit_run,,plus_1_free_[action]_action,combat,plus_1_roll_[action],melee,ironclad_[zombie],walker,https://static.wikia.nocookie.net/zombicide/images/f/fd/Sarah.png
sibyl,Sibyl,Massive Darkness Crossover Pack,dagger,plus_1_zone_move,,,,plus_1_action,plus_1_free_[action]_action,ranged,plus_1_roll_[action],ranged,plus_1_roll_[action],melee,plus_1_free_[action]_action,combat,hit_run,,https://static.wikia.nocookie.net/zombicide/images/e/ee/Sibyl.png
sicarius,Sicarius,Massive Darkness Crossover Pack,dagger,swordmaster,,,,plus_1_action,plus_1_free_[action]_action,move,plus_1_die_[action],melee,plus_1_free_[action]_action,combat,plus_1_roll_[action],melee,plus_1_die_[action],melee,https://static.wikia.nocookie.net/zombicide/images/f/f4/Sicarius.png
siegfried,Siegfried,Massive Darkness Crossover Pack,hammer,frenzy_[action],combat,,,plus_1_action,plus_1_die_[action],combat,bloodlust_[action],melee,plus_1_damage_[action],melee,plus_1_free_[action]_action,combat,taunt,,https://static.wikia.nocookie.net/zombicide/images/e/e8/Siegfried.png
silence,Silence,Massive Darkness Crossover Pack,dagger,plus_1_free_[action]_action,move,,,plus_1_action,plus_1_free_[action]_action,melee,lucky,,plus_1_roll_[action],melee,bloodlust_[action],melee,slippery,,https://static.wikia.nocookie.net/zombicide/images/7/76/Silence.png
sylvan,Sylvan,Massive Darkness Crossover Pack,longbow,plus_1_damage_[action],ranged,,,plus_1_action,plus_1_free_[action]_action,ranged,ambidextrous,,plus_1_die_[action],combat,plus_1_free_[action]_action,combat,hit_run,,https://static.wikia.nocookie.net/zombicide/images/d/d1/Sylvan.png
valerie,Valerie,Massive Darkness Crossover Pack,dagger,tough,,,,plus_1_action,bloodlust_[action],melee,reaper_[action],combat,plus_1_damage_[action],combat,plus_1_free_[action]_action,combat,plus_1_roll_[action],combat,https://static.wikia.nocookie.net/zombicide/images/3/3f/Valerie.png
victoria,Victoria,Massive Darkness Crossover Pack,healing,plus_1_roll_[action],melee,,,plus_1_action,plus_1_roll_[action],magic,iron_hide,,plus_1_damage_[action],combat,plus_1_free_[action]_action,combat,bloodlust_[action],melee,https://static.wikia.nocookie.net/zombicide/images/1/1f/Victoria.png
whisper,Whisper,Massive Darkness Crossover Pack,crossbow,plus_1_damage_[action],melee,,,plus_1_action,plus_1_free_[action]_action,melee,hit_run,,plus_1_free_[action]_action,combat,plus_1_free_[action]_action,move,reaper_[action],combat,https://static.wikia.nocookie.net/zombicide/images/4/44/Whisper.png
zoe,Zoe,Massive Darkness Crossover Pack,hammer,taunt,,,,plus_1_action,plus_1_free_[action]_action,melee,frenzy_[action],combat,plus_1_free_[action]_action,combat,barbarian,,iron_hide,,https://static.wikia.nocookie.net/zombicide/images/4/4a/Zoe.png
berko,Berko,Massive Darkness 2 Crossover Pack,any_melee_weapon,sprint,,,,plus_1_action,plus_1_damage_[action],melee,jump,,plus_1_free_[action]_action,combat,two_zones_move,,shove,,https://static.wikia.nocookie.net/zombicide/images/9/95/Berko.png
cassiel,Cassiel,Massive Darkness 2 Crossover Pack,any_shield,sprint,,,,plus_1_action,plus_1_die_[action],combat,charge,,plus_1_free_[action]_action,combat,shove,,super_strength,,https://static.wikia.nocookie.net/zombicide/images/4/4d/Cassiel.png
daisy,Daisy,Massive Darkness 2 Crossover Pack,any_equipment,break_in,,,,plus_1_action,plus_1_die_[action],melee,matching_set,,plus_1_free_[action]_action,melee,regeneration,,super_strength,,https://static.wikia.nocookie.net/zombicide/images/c/c1/Daisy.png
dylan,Dylan,Massive Darkness 2 Crossover Pack,any_dagger,,,,,,,,,,,,,,,,https://static.wikia.nocookie.net/zombicide/images/7/72/Dylan.png
ego,Ego,Massive Darkness 2 Crossover Pack,any_combat_spell,spellbook,,,,plus_1_action,plus_1_die_[action],magic,spellcaster,,plus_1_damage_[action],magic,plus_1_free_[action]_action,magic,two_zones_move,,https://static.wikia.nocookie.net/zombicide/images/c/c7/Ego.png
father_corvus,Father Corvus,Massive Darkness 2 Crossover Pack,any_dagger,plus_1_die_[action],melee,,,plus_1_action,collector_[zombie],walker,roll_6_plus_1_die_[action],combat,plus_1_free_[action]_action,combat,brother_in_arms_[game_effect],plus_1_die_[action]:combat,shove,,https://static.wikia.nocookie.net/zombicide/images/f/ff/FatherCorvus.png
feydra,Feydra,Massive Darkness 2 Crossover Pack,any_dagger,low_profile,,,,plus_1_action,hit_run,,roll_6_plus_1_die_[action],melee,plus_1_free_[action]_action,move,shove,,slippery,,https://static.wikia.nocookie.net/zombicide/images/0/05/Feydra.png
gera,Gera,Massive Darkness 2 Crossover Pack,any_axe,tough,,,,plus_1_action,plus_1_die_[action],combat,iron_hide,,plus_1_damage_[action],melee,plus_1_free_[action]_action,combat,shove,,https://static.wikia.nocookie.net/zombicide/images/6/68/Gera.png
gheta,Gheta,Massive Darkness 2 Crossover Pack,any_axe,frenzy_[action],melee,,,plus_1_action,bloodlust_[action],melee,is_that_all_youve_got,,plus_1_free_[action]_action,melee,charge,,reaper_[action],combat,https://static.wikia.nocookie.net/zombicide/images/8/81/Gheta.png
harin,Harin,Massive Darkness 2 Crossover Pack,any_sword,plus_1_die_[action],melee,,,plus_1_action,plus_1_zone_move,,plus_1_free_[action]_action,melee,plus_1_damage_[action],melee,plus_1_free_[action]_action,combat,ironclad_[zombie],brute,https://static.wikia.nocookie.net/zombicide/images/7/7d/Harin.png
harriet,Harriet,Massive Darkness 2 Crossover Pack,any_combat_spell,spellcaster,,,,plus_1_action,rotten,,zombie_link,,plus_1_free_[action]_action,magic,plus_1_free_[action]_action,melee,ironclad_[zombie],runner,https://static.wikia.nocookie.net/zombicide/images/a/a7/Harriet.png
irk,Irk,Massive Darkness 2 Crossover Pack,healing,lifesaver,,,,plus_1_action,mana_rain,,spellcaster,,plus_1_damage_[action],magic,plus_1_free_[action]_action,magic,plus_1_free_[action]_action,melee,https://static.wikia.nocookie.net/zombicide/images/6/6b/Irk.png
ivan,Ivan,Massive Darkness 2 Crossover Pack,any_axe,frenzy_[action],combat,,,plus_1_action,plus_1_die_[action],combat,bloodlust_[action],melee,plus_1_damage_[action],melee,plus_1_free_[action]_action,combat,shove,,https://static.wikia.nocookie.net/zombicide/images/a/a5/Ivan.png
jebediah,Jebediah,Massive Darkness 2 Crossover Pack,any_equipment,sprint,,,,plus_1_action,plus_1_die_[action],melee,free_reload,,plus_1_free_[action]_action,melee,plus_1_free_[action]_action,move,ironclad_[zombie],walker,https://static.wikia.nocookie.net/zombicide/images/f/f1/Jebediah.png
kaylee,Kaylee,Massive Darkness 2 Crossover Pack,any_equipment,ambidextrous,,,,plus_1_action,charge,,trick_shot,,plus_1_free_[action]_action,combat,shove,,slippery,,https://static.wikia.nocookie.net/zombicide/images/c/cc/Kaylee.png
lyn,Lyn,Massive Darkness 2 Crossover Pack,any_crossbow,plus_1_die_[action],ranged,,,plus_1_action,battle_rage,,slippery,,plus_1_free_[action]_action,combat,ironclad_[zombie],walker,super_strength,,https://static.wikia.nocookie.net/zombicide/images/4/45/Lyn.png
mathrin,Mathrin,Massive Darkness 2 Crossover Pack,any_combat_spell,roll_6_plus_1_die_[action],magic,,,plus_1_action,reaper_[action],magic,spellcaster,,plus_1_damage_[action],magic,plus_1_free_[action]_action,magic,ironclad_[zombie],abomination,https://static.wikia.nocookie.net/zombicide/images/b/b8/Mathrin.png
mist,Mist,Massive Darkness 2 Crossover Pack,any_dagger,break_in,,,,plus_1_action,plus_1_zone_move,,slippery,,plus_1_damage_[action],melee,plus_1_free_[action]_action,melee,reaper_[action],melee,https://static.wikia.nocookie.net/zombicide/images/a/ab/Mist.png
mortemyr,Mortemyr,Massive Darkness 2 Crossover Pack,any_combat_spell,zombie_link,,,,plus_1_action,rotten,,spellcaster,,plus_1_free_[action]_action,magic,ironclad_[zombie],abomination,super_strength,,https://static.wikia.nocookie.net/zombicide/images/1/15/Mortemyr.png
nahias,Nahias,Massive Darkness 2 Crossover Pack,any_crossbow,marksman,,,,plus_1_action,plus_1_die_[action],ranged,plus_1_free_[action]_action,ranged,plus_1_damage_[action],ranged,plus_1_free_[action]_action,combat,slippery,,https://static.wikia.nocookie.net/zombicide/images/d/db/Nahias.png
riya,Riya,Massive Darkness 2 Crossover Pack,any_sword,marksman,,,,plus_1_action,charge,,slippery,,plus_1_damage_[action],melee,plus_1_free_[action]_action,combat,plus_1_free_[action]_action,ranged,https://static.wikia.nocookie.net/zombicide/images/7/75/Riya.png
ryff,Ryff,Massive Darkness 2 Crossover Pack,any_shield,born_leader,,,,plus_1_action,destiny,,lucky,,plus_1_free_[action]_action,magic,brother_in_arms_[game_effect],plus_1_die_[action]:combat,search_plus_1_card,,https://static.wikia.nocookie.net/zombicide/images/a/a0/Ryff.png
sir_ronen,Sir Ronen,Massive Darkness 2 Crossover Pack,any_sword,taunt,,,,plus_1_action,plus_1_free_[action]_action,melee,ironclad_[zombie],walker,plus_1_damage_[action],melee,plus_1_free_[action]_action,melee,regeneration,,https://static.wikia.nocookie.net/zombicide/images/a/ad/SirRonen.png
thalia_md2,Thalia MD2,Massive Darkness 2 Crossover Pack,healing,born_leader,,,,plus_1_action,slippery,,spellcaster,,plus_1_free_[action]_action,combat,brother_in_arms_[game_effect],plus_1_die_[action]:combat,hit_run,,https://static.wikia.nocookie.net/zombicide/images/a/ab/ThaliaMD.png
valdis,Valdis,Massive Darkness 2 Crossover Pack,any_combat_spell,plus_1_die_[action],magic,,,plus_1_action,hit_run,,spellcaster,,plus_1_damage_[action],magic,plus_1_free_[action]_action,magic,ironclad_[zombie],runner,https://static.wikia.nocookie.net/zombicide/images/8/89/Valdis.png
victor,Victor,Massive Darkness 2 Crossover Pack,any_shield,taunt,,,,plus_1_action,plus_1_die_[action],melee,tough,,plus_1_free_[action]_action,melee,regeneration,,super_strength,,https://static.wikia.nocookie.net/zombicide/images/5/59/VictorMD.png
ygraine_md2,Ygraine MD2,Massive Darkness 2 Crossover Pack,any_combat_spell,rotten,,,,plus_1_action,spellcaster,,zombie_link,,plus_1_free_[action]_action,magic,ironclad_[zombie],walker_runner,super_strength,,https://static.wikia.nocookie.net/zombicide/images/7/75/YgraineMD.png
zuri,Zuri,Massive Darkness 2 Crossover Pack,healing,plus_1_free_[action]_action,magic,,,plus_1_action,plus_1_die_[action],magic,shove,,plus_1_damage_[action],magic,plus_1_free_[action]_action,combat,plus_1_free_[action]_action,magic,https://static.wikia.nocookie.net/zombicide/images/f/fe/Zuri.png